70BCSV 	
// AQ6370B OPTICAL SPECTRUM ANALYZER //                 
25
"CTRWL",1534.924983
"SPAN",  15.717917
"START WL",1527.106262
"STOP WL",1542.824179
"WLFREQ", 1
"REFL",-67.1
"LSCL",10.0
"RESLN",0.020
"AVG",   1
"SMPLAUTO",      0
"SMPL",       5000
"SMPLINTVL",0.0031
"HIGH3"
"MEAS"
"LSUNT",0
"NMSKH","OFF"
"RESCOR",0
"RESPARM", 9505
"FREQPARM", 9505






"[TRACE DATA]"
1527.1063, -87.757
1527.1094, -88.291
1527.1126, -88.313
1527.1157, -88.020
1527.1188, -87.916
1527.1220, -87.990
1527.1251, -87.578
1527.1283, -87.687
1527.1314, -88.805
1527.1346, -88.569
1527.1377, -89.048
1527.1408, -88.822
1527.1440, -87.867
1527.1471, -88.147
1527.1503, -89.463
1527.1534, -89.169
1527.1566, -87.798
1527.1597, -87.118
1527.1629, -88.581
1527.1660, -88.523
1527.1691, -91.207
1527.1723, -87.970
1527.1754, -88.293
1527.1786, -88.672
1527.1817, -89.111
1527.1849, -88.480
1527.1880, -87.713
1527.1912, -87.234
1527.1943, -88.564
1527.1974, -89.159
1527.2006, -88.907
1527.2037, -88.543
1527.2069, -88.373
1527.2100, -88.308
1527.2132, -88.740
1527.2163, -87.945
1527.2195, -87.980
1527.2226, -89.003
1527.2257, -87.680
1527.2289, -88.385
1527.2320, -87.855
1527.2352, -88.773
1527.2383, -89.030
1527.2415, -88.324
1527.2446, -87.601
1527.2478, -90.051
1527.2509, -88.393
1527.2540, -87.649
1527.2572, -87.969
1527.2603, -88.636
1527.2635, -87.873
1527.2666, -88.792
1527.2698, -90.062
1527.2729, -88.523
1527.2760, -89.467
1527.2792, -88.577
1527.2823, -89.574
1527.2855, -89.607
1527.2886, -87.713
1527.2918, -89.052
1527.2949, -88.450
1527.2981, -91.428
1527.3012, -88.964
1527.3043, -89.544
1527.3075, -88.135
1527.3106, -88.579
1527.3138, -89.232
1527.3169, -87.585
1527.3201, -89.241
1527.3232, -88.379
1527.3264, -87.986
1527.3295, -88.775
1527.3326, -88.631
1527.3358, -88.693
1527.3389, -89.036
1527.3421, -88.682
1527.3452, -89.648
1527.3484, -89.216
1527.3515, -88.731
1527.3547, -87.127
1527.3578, -88.828
1527.3609, -89.350
1527.3641, -88.799
1527.3672, -89.230
1527.3704, -90.480
1527.3735, -89.604
1527.3767, -89.275
1527.3798, -88.110
1527.3830, -88.065
1527.3861, -88.384
1527.3892, -88.653
1527.3924, -88.984
1527.3955, -89.877
1527.3987, -88.979
1527.4018, -88.387
1527.4050, -88.366
1527.4081, -87.899
1527.4113, -88.590
1527.4144, -88.106
1527.4175, -88.764
1527.4207, -88.983
1527.4238, -89.787
1527.4270, -89.147
1527.4301, -88.145
1527.4333, -88.845
1527.4364, -89.798
1527.4395, -88.253
1527.4427, -87.809
1527.4458, -89.927
1527.4490, -88.742
1527.4521, -88.275
1527.4553, -86.843
1527.4584, -89.244
1527.4616, -88.974
1527.4647, -87.750
1527.4678, -87.776
1527.4710, -88.699
1527.4741, -89.086
1527.4773, -87.330
1527.4804, -88.025
1527.4836, -89.784
1527.4867, -88.459
1527.4899, -88.741
1527.4930, -88.389
1527.4961, -89.547
1527.4993, -88.355
1527.5024, -88.757
1527.5056, -89.077
1527.5087, -88.060
1527.5119, -90.354
1527.5150, -88.105
1527.5182, -90.112
1527.5213, -89.012
1527.5244, -88.202
1527.5276, -89.176
1527.5307, -88.918
1527.5339, -88.483
1527.5370, -89.972
1527.5402, -88.945
1527.5433, -87.588
1527.5465, -88.808
1527.5496, -87.987
1527.5527, -89.239
1527.5559, -88.449
1527.5590, -87.977
1527.5622, -87.779
1527.5653, -87.159
1527.5685, -88.601
1527.5716, -88.206
1527.5747, -88.619
1527.5779, -88.208
1527.5810, -88.784
1527.5842, -88.073
1527.5873, -88.959
1527.5905, -88.171
1527.5936, -87.851
1527.5968, -89.691
1527.5999, -88.852
1527.6030, -88.403
1527.6062, -88.834
1527.6093, -89.044
1527.6125, -88.463
1527.6156, -88.949
1527.6188, -89.153
1527.6219, -87.753
1527.6251, -89.265
1527.6282, -89.304
1527.6313, -88.423
1527.6345, -87.780
1527.6376, -88.691
1527.6408, -88.575
1527.6439, -87.568
1527.6471, -88.809
1527.6502, -88.102
1527.6534, -89.181
1527.6565, -87.692
1527.6596, -89.359
1527.6628, -88.063
1527.6659, -89.286
1527.6691, -87.929
1527.6722, -88.477
1527.6754, -90.642
1527.6785, -87.270
1527.6817, -89.394
1527.6848, -89.140
1527.6879, -90.097
1527.6911, -90.320
1527.6942, -88.858
1527.6974, -88.186
1527.7005, -88.500
1527.7037, -89.297
1527.7068, -88.203
1527.7100, -89.245
1527.7131, -88.602
1527.7162, -89.033
1527.7194, -89.695
1527.7225, -89.202
1527.7257, -88.868
1527.7288, -89.291
1527.7320, -89.168
1527.7351, -88.221
1527.7382, -89.127
1527.7414, -89.646
1527.7445, -88.923
1527.7477, -89.562
1527.7508, -88.918
1527.7540, -88.327
1527.7571, -87.574
1527.7603, -88.387
1527.7634, -89.248
1527.7665, -87.762
1527.7697, -88.329
1527.7728, -87.983
1527.7760, -88.466
1527.7791, -89.184
1527.7823, -88.013
1527.7854, -87.981
1527.7886, -87.809
1527.7917, -87.588
1527.7948, -88.826
1527.7980, -87.667
1527.8011, -88.822
1527.8043, -88.622
1527.8074, -87.892
1527.8106, -90.907
1527.8137, -88.975
1527.8169, -88.964
1527.8200, -88.731
1527.8231, -87.691
1527.8263, -87.939
1527.8294, -89.360
1527.8326, -88.290
1527.8357, -87.823
1527.8389, -87.490
1527.8420, -87.454
1527.8452, -88.009
1527.8483, -88.313
1527.8514, -87.499
1527.8546, -88.354
1527.8577, -87.440
1527.8609, -89.021
1527.8640, -87.466
1527.8672, -87.867
1527.8703, -87.363
1527.8734, -87.193
1527.8766, -88.016
1527.8797, -87.671
1527.8829, -87.843
1527.8860, -87.750
1527.8892, -87.989
1527.8923, -87.947
1527.8955, -88.252
1527.8986, -88.576
1527.9017, -89.586
1527.9049, -89.296
1527.9080, -88.497
1527.9112, -88.760
1527.9143, -89.601
1527.9175, -92.566
1527.9206, -88.309
1527.9238, -89.024
1527.9269, -88.590
1527.9300, -89.103
1527.9332, -89.885
1527.9363, -89.748
1527.9395, -88.842
1527.9426, -89.097
1527.9458, -89.171
1527.9489, -89.979
1527.9521, -90.856
1527.9552, -88.940
1527.9583, -90.008
1527.9615, -88.488
1527.9646, -89.139
1527.9678, -89.246
1527.9709, -89.009
1527.9741, -88.382
1527.9772, -90.250
1527.9804, -89.491
1527.9835, -88.303
1527.9866, -88.540
1527.9898, -88.231
1527.9929, -89.296
1527.9961, -88.804
1527.9992, -89.782
1528.0024, -88.246
1528.0055, -89.389
1528.0087, -89.718
1528.0118, -88.121
1528.0149, -88.612
1528.0181, -88.751
1528.0212, -88.357
1528.0244, -88.258
1528.0275, -87.210
1528.0307, -88.440
1528.0338, -88.753
1528.0369, -87.009
1528.0401, -87.428
1528.0432, -87.251
1528.0464, -86.751
1528.0495, -86.722
1528.0527, -85.893
1528.0558, -85.459
1528.0590, -84.220
1528.0621, -83.107
1528.0652, -81.905
1528.0684, -80.960
1528.0715, -79.553
1528.0747, -78.545
1528.0778, -77.223
1528.0810, -76.200
1528.0841, -74.777
1528.0873, -73.540
1528.0904, -72.407
1528.0935, -71.307
1528.0967, -70.171
1528.0998, -69.036
1528.1030, -67.940
1528.1061, -66.973
1528.1093, -65.956
1528.1124, -64.982
1528.1156, -64.040
1528.1187, -63.104
1528.1218, -62.196
1528.1250, -61.357
1528.1281, -60.510
1528.1313, -59.678
1528.1344, -58.857
1528.1376, -58.093
1528.1407, -57.342
1528.1439, -56.600
1528.1470, -55.874
1528.1501, -55.200
1528.1533, -54.538
1528.1564, -53.884
1528.1596, -53.255
1528.1627, -52.671
1528.1659, -52.085
1528.1690, -51.509
1528.1721, -50.955
1528.1753, -50.442
1528.1784, -50.070
1528.1816, -49.640
1528.1847, -49.132
1528.1879, -48.692
1528.1910, -48.263
1528.1942, -47.869
1528.1973, -47.490
1528.2004, -47.142
1528.2036, -46.771
1528.2067, -46.451
1528.2099, -46.143
1528.2130, -45.841
1528.2162, -45.547
1528.2193, -45.274
1528.2225, -45.018
1528.2256, -44.774
1528.2287, -44.532
1528.2319, -44.305
1528.2350, -44.088
1528.2382, -43.912
1528.2413, -43.723
1528.2445, -43.555
1528.2476, -43.393
1528.2508, -43.265
1528.2539, -43.132
1528.2570, -43.025
1528.2602, -42.911
1528.2633, -42.805
1528.2665, -42.724
1528.2696, -42.634
1528.2728, -42.552
1528.2759, -42.472
1528.2791, -42.402
1528.2822, -42.344
1528.2853, -42.282
1528.2885, -42.236
1528.2916, -42.180
1528.2948, -42.143
1528.2979, -42.122
1528.3011, -42.091
1528.3042, -42.057
1528.3074, -42.028
1528.3105, -41.998
1528.3136, -41.979
1528.3168, -41.956
1528.3199, -41.923
1528.3231, -41.918
1528.3262, -41.892
1528.3294, -41.878
1528.3325, -41.860
1528.3356, -41.848
1528.3388, -41.845
1528.3419, -41.829
1528.3451, -41.826
1528.3482, -41.812
1528.3514, -41.806
1528.3545, -41.800
1528.3577, -41.787
1528.3608, -41.778
1528.3639, -41.770
1528.3671, -41.757
1528.3702, -41.746
1528.3734, -41.740
1528.3765, -41.728
1528.3797, -41.720
1528.3828, -41.711
1528.3860, -41.702
1528.3891, -41.698
1528.3922, -41.687
1528.3954, -41.680
1528.3985, -41.683
1528.4017, -41.679
1528.4048, -41.676
1528.4080, -41.669
1528.4111, -41.670
1528.4143, -41.672
1528.4174, -41.668
1528.4205, -41.672
1528.4237, -41.673
1528.4268, -41.659
1528.4300, -41.662
1528.4331, -41.652
1528.4363, -41.645
1528.4394, -41.634
1528.4426, -41.627
1528.4457, -41.613
1528.4488, -41.599
1528.4520, -41.598
1528.4551, -41.594
1528.4583, -41.594
1528.4614, -41.591
1528.4646, -41.597
1528.4677, -41.601
1528.4709, -41.604
1528.4740, -41.604
1528.4771, -41.600
1528.4803, -41.589
1528.4834, -41.548
1528.4866, -41.540
1528.4897, -41.530
1528.4929, -41.504
1528.4960, -41.489
1528.4991, -41.474
1528.5023, -41.466
1528.5054, -41.458
1528.5086, -41.452
1528.5117, -41.450
1528.5149, -41.452
1528.5180, -41.452
1528.5212, -41.456
1528.5243, -41.462
1528.5274, -41.463
1528.5306, -41.466
1528.5337, -41.463
1528.5369, -41.466
1528.5400, -41.462
1528.5432, -41.472
1528.5463, -41.472
1528.5495, -41.467
1528.5526, -41.473
1528.5557, -41.495
1528.5589, -41.487
1528.5620, -41.499
1528.5652, -41.518
1528.5683, -41.527
1528.5715, -41.539
1528.5746, -41.543
1528.5778, -41.545
1528.5809, -41.550
1528.5840, -41.554
1528.5872, -41.554
1528.5903, -41.545
1528.5935, -41.548
1528.5966, -41.547
1528.5998, -41.560
1528.6029, -41.551
1528.6061, -41.557
1528.6092, -41.571
1528.6123, -41.570
1528.6155, -41.577
1528.6186, -41.572
1528.6218, -41.579
1528.6249, -41.583
1528.6281, -41.605
1528.6312, -41.599
1528.6343, -41.603
1528.6375, -41.595
1528.6406, -41.608
1528.6438, -41.615
1528.6469, -41.616
1528.6501, -41.606
1528.6532, -41.612
1528.6564, -41.619
1528.6595, -41.617
1528.6626, -41.617
1528.6658, -41.616
1528.6689, -41.625
1528.6721, -41.623
1528.6752, -41.616
1528.6784, -41.620
1528.6815, -41.623
1528.6847, -41.625
1528.6878, -41.621
1528.6909, -41.620
1528.6941, -41.616
1528.6972, -41.612
1528.7004, -41.603
1528.7035, -41.593
1528.7067, -41.579
1528.7098, -41.567
1528.7130, -41.547
1528.7161, -41.531
1528.7192, -41.510
1528.7224, -41.493
1528.7255, -41.477
1528.7287, -41.460
1528.7318, -41.453
1528.7350, -41.442
1528.7381, -41.447
1528.7413, -41.438
1528.7444, -41.438
1528.7475, -41.433
1528.7507, -41.431
1528.7538, -41.430
1528.7570, -41.428
1528.7601, -41.425
1528.7633, -41.416
1528.7664, -41.417
1528.7696, -41.420
1528.7727, -41.416
1528.7758, -41.415
1528.7790, -41.416
1528.7821, -41.417
1528.7853, -41.425
1528.7884, -41.425
1528.7916, -41.428
1528.7947, -41.432
1528.7978, -41.429
1528.8010, -41.428
1528.8041, -41.427
1528.8073, -41.420
1528.8104, -41.411
1528.8136, -41.407
1528.8167, -41.407
1528.8199, -41.396
1528.8230, -41.397
1528.8261, -41.395
1528.8293, -41.402
1528.8324, -41.406
1528.8356, -41.409
1528.8387, -41.407
1528.8419, -41.419
1528.8450, -41.425
1528.8482, -41.428
1528.8513, -41.429
1528.8544, -41.422
1528.8576, -41.425
1528.8607, -41.407
1528.8639, -41.399
1528.8670, -41.389
1528.8702, -41.382
1528.8733, -41.360
1528.8765, -41.351
1528.8796, -41.340
1528.8827, -41.335
1528.8859, -41.335
1528.8890, -41.354
1528.8922, -41.349
1528.8953, -41.371
1528.8985, -41.381
1528.9016, -41.363
1528.9048, -41.385
1528.9079, -41.390
1528.9110, -41.385
1528.9142, -41.406
1528.9173, -41.400
1528.9205, -41.398
1528.9236, -41.392
1528.9268, -41.381
1528.9299, -41.360
1528.9330, -41.345
1528.9362, -41.332
1528.9393, -41.313
1528.9425, -41.310
1528.9456, -41.295
1528.9488, -41.281
1528.9519, -41.275
1528.9551, -41.276
1528.9582, -41.273
1528.9613, -41.273
1528.9645, -41.269
1528.9676, -41.269
1528.9708, -41.270
1528.9739, -41.270
1528.9771, -41.267
1528.9802, -41.260
1528.9834, -41.269
1528.9865, -41.264
1528.9896, -41.263
1528.9928, -41.260
1528.9959, -41.265
1528.9991, -41.267
1529.0022, -41.269
1529.0054, -41.279
1529.0085, -41.288
1529.0117, -41.298
1529.0148, -41.301
1529.0179, -41.297
1529.0211, -41.300
1529.0242, -41.297
1529.0274, -41.287
1529.0305, -41.264
1529.0337, -41.251
1529.0368, -41.249
1529.0400, -41.246
1529.0431, -41.240
1529.0462, -41.232
1529.0494, -41.234
1529.0525, -41.233
1529.0557, -41.243
1529.0588, -41.248
1529.0620, -41.261
1529.0651, -41.268
1529.0683, -41.274
1529.0714, -41.283
1529.0745, -41.281
1529.0777, -41.274
1529.0808, -41.271
1529.0840, -41.266
1529.0871, -41.260
1529.0903, -41.267
1529.0934, -41.276
1529.0965, -41.277
1529.0997, -41.279
1529.1028, -41.289
1529.1060, -41.293
1529.1091, -41.298
1529.1123, -41.296
1529.1154, -41.299
1529.1186, -41.299
1529.1217, -41.293
1529.1248, -41.291
1529.1280, -41.294
1529.1311, -41.282
1529.1343, -41.284
1529.1374, -41.275
1529.1406, -41.282
1529.1437, -41.284
1529.1469, -41.284
1529.1500, -41.295
1529.1531, -41.300
1529.1563, -41.306
1529.1594, -41.304
1529.1626, -41.306
1529.1657, -41.299
1529.1689, -41.295
1529.1720, -41.290
1529.1752, -41.273
1529.1783, -41.277
1529.1814, -41.253
1529.1846, -41.258
1529.1877, -41.248
1529.1909, -41.254
1529.1940, -41.252
1529.1972, -41.253
1529.2003, -41.248
1529.2035, -41.260
1529.2066, -41.261
1529.2097, -41.257
1529.2129, -41.264
1529.2160, -41.264
1529.2192, -41.252
1529.2223, -41.256
1529.2255, -41.241
1529.2286, -41.245
1529.2317, -41.243
1529.2349, -41.244
1529.2380, -41.236
1529.2412, -41.240
1529.2443, -41.238
1529.2475, -41.245
1529.2506, -41.252
1529.2538, -41.242
1529.2569, -41.258
1529.2600, -41.254
1529.2632, -41.251
1529.2663, -41.255
1529.2695, -41.242
1529.2726, -41.238
1529.2758, -41.234
1529.2789, -41.229
1529.2821, -41.223
1529.2852, -41.215
1529.2883, -41.208
1529.2915, -41.218
1529.2946, -41.221
1529.2978, -41.222
1529.3009, -41.221
1529.3041, -41.223
1529.3072, -41.240
1529.3104, -41.238
1529.3135, -41.243
1529.3166, -41.247
1529.3198, -41.253
1529.3229, -41.258
1529.3261, -41.259
1529.3292, -41.269
1529.3324, -41.273
1529.3355, -41.274
1529.3387, -41.283
1529.3418, -41.289
1529.3449, -41.296
1529.3481, -41.301
1529.3512, -41.308
1529.3544, -41.306
1529.3575, -41.308
1529.3607, -41.306
1529.3638, -41.302
1529.3670, -41.303
1529.3701, -41.300
1529.3732, -41.303
1529.3764, -41.302
1529.3795, -41.298
1529.3827, -41.304
1529.3858, -41.309
1529.3890, -41.314
1529.3921, -41.327
1529.3952, -41.325
1529.3984, -41.324
1529.4015, -41.340
1529.4047, -41.337
1529.4078, -41.341
1529.4110, -41.342
1529.4141, -41.343
1529.4173, -41.338
1529.4204, -41.334
1529.4235, -41.336
1529.4267, -41.329
1529.4298, -41.326
1529.4330, -41.324
1529.4361, -41.321
1529.4393, -41.313
1529.4424, -41.316
1529.4456, -41.315
1529.4487, -41.311
1529.4518, -41.304
1529.4550, -41.307
1529.4581, -41.302
1529.4613, -41.307
1529.4644, -41.304
1529.4676, -41.307
1529.4707, -41.306
1529.4739, -41.309
1529.4770, -41.311
1529.4801, -41.310
1529.4833, -41.304
1529.4864, -41.297
1529.4896, -41.289
1529.4927, -41.284
1529.4959, -41.276
1529.4990, -41.266
1529.5022, -41.261
1529.5053, -41.250
1529.5084, -41.256
1529.5116, -41.249
1529.5147, -41.241
1529.5179, -41.228
1529.5210, -41.213
1529.5242, -41.203
1529.5273, -41.197
1529.5304, -41.195
1529.5336, -41.185
1529.5367, -41.167
1529.5399, -41.160
1529.5430, -41.155
1529.5462, -41.154
1529.5493, -41.157
1529.5525, -41.158
1529.5556, -41.165
1529.5587, -41.179
1529.5619, -41.177
1529.5650, -41.194
1529.5682, -41.206
1529.5713, -41.209
1529.5745, -41.212
1529.5776, -41.203
1529.5808, -41.199
1529.5839, -41.188
1529.5870, -41.178
1529.5902, -41.170
1529.5933, -41.151
1529.5965, -41.138
1529.5996, -41.133
1529.6028, -41.138
1529.6059, -41.130
1529.6091, -41.139
1529.6122, -41.152
1529.6153, -41.150
1529.6185, -41.161
1529.6216, -41.165
1529.6248, -41.158
1529.6279, -41.155
1529.6311, -41.159
1529.6342, -41.151
1529.6374, -41.143
1529.6405, -41.139
1529.6436, -41.136
1529.6468, -41.137
1529.6499, -41.137
1529.6531, -41.148
1529.6562, -41.165
1529.6594, -41.175
1529.6625, -41.199
1529.6657, -41.216
1529.6688, -41.229
1529.6719, -41.238
1529.6751, -41.249
1529.6782, -41.252
1529.6814, -41.250
1529.6845, -41.237
1529.6877, -41.227
1529.6908, -41.213
1529.6939, -41.205
1529.6971, -41.194
1529.7002, -41.179
1529.7034, -41.168
1529.7065, -41.171
1529.7097, -41.168
1529.7128, -41.182
1529.7160, -41.188
1529.7191, -41.198
1529.7222, -41.211
1529.7254, -41.212
1529.7285, -41.220
1529.7317, -41.211
1529.7348, -41.213
1529.7380, -41.205
1529.7411, -41.189
1529.7443, -41.185
1529.7474, -41.172
1529.7505, -41.170
1529.7537, -41.165
1529.7568, -41.177
1529.7600, -41.192
1529.7631, -41.212
1529.7663, -41.233
1529.7694, -41.259
1529.7726, -41.272
1529.7757, -41.294
1529.7788, -41.310
1529.7820, -41.308
1529.7851, -41.304
1529.7883, -41.302
1529.7914, -41.287
1529.7946, -41.269
1529.7977, -41.246
1529.8009, -41.224
1529.8040, -41.217
1529.8071, -41.212
1529.8103, -41.203
1529.8134, -41.203
1529.8166, -41.201
1529.8197, -41.203
1529.8229, -41.204
1529.8260, -41.199
1529.8291, -41.191
1529.8323, -41.196
1529.8354, -41.196
1529.8386, -41.172
1529.8417, -41.177
1529.8449, -41.170
1529.8480, -41.165
1529.8512, -41.175
1529.8543, -41.178
1529.8574, -41.177
1529.8606, -41.187
1529.8637, -41.193
1529.8669, -41.194
1529.8700, -41.199
1529.8732, -41.194
1529.8763, -41.187
1529.8795, -41.191
1529.8826, -41.181
1529.8857, -41.160
1529.8889, -41.152
1529.8920, -41.139
1529.8952, -41.128
1529.8983, -41.110
1529.9015, -41.105
1529.9046, -41.096
1529.9078, -41.087
1529.9109, -41.077
1529.9140, -41.061
1529.9172, -41.054
1529.9203, -41.036
1529.9235, -41.016
1529.9266, -40.994
1529.9298, -40.983
1529.9329, -40.964
1529.9361, -40.949
1529.9392, -40.951
1529.9423, -40.950
1529.9455, -40.946
1529.9486, -40.934
1529.9518, -40.950
1529.9549, -40.960
1529.9581, -40.968
1529.9612, -40.971
1529.9644, -40.971
1529.9675, -40.975
1529.9706, -40.975
1529.9738, -40.969
1529.9769, -40.969
1529.9801, -40.961
1529.9832, -40.960
1529.9864, -40.957
1529.9895, -40.952
1529.9926, -40.955
1529.9958, -40.961
1529.9989, -40.956
1530.0021, -40.955
1530.0052, -40.965
1530.0084, -40.959
1530.0115, -40.964
1530.0147, -40.955
1530.0178, -40.947
1530.0209, -40.937
1530.0241, -40.917
1530.0272, -40.907
1530.0304, -40.897
1530.0335, -40.896
1530.0367, -40.887
1530.0398, -40.876
1530.0430, -40.874
1530.0461, -40.879
1530.0492, -40.881
1530.0524, -40.881
1530.0555, -40.885
1530.0587, -40.889
1530.0618, -40.907
1530.0650, -40.907
1530.0681, -40.917
1530.0713, -40.930
1530.0744, -40.931
1530.0775, -40.928
1530.0807, -40.936
1530.0838, -40.932
1530.0870, -40.938
1530.0901, -40.940
1530.0933, -40.949
1530.0964, -40.950
1530.0996, -40.966
1530.1027, -40.973
1530.1058, -40.983
1530.1090, -40.995
1530.1121, -41.004
1530.1153, -41.007
1530.1184, -41.006
1530.1216, -41.001
1530.1247, -41.001
1530.1278, -40.994
1530.1310, -40.981
1530.1341, -40.965
1530.1373, -40.946
1530.1404, -40.929
1530.1436, -40.916
1530.1467, -40.898
1530.1499, -40.893
1530.1530, -40.886
1530.1561, -40.888
1530.1593, -40.890
1530.1624, -40.898
1530.1656, -40.900
1530.1687, -40.897
1530.1719, -40.912
1530.1750, -40.906
1530.1782, -40.895
1530.1813, -40.910
1530.1844, -40.908
1530.1876, -40.901
1530.1907, -40.894
1530.1939, -40.896
1530.1970, -40.900
1530.2002, -40.903
1530.2033, -40.912
1530.2065, -40.917
1530.2096, -40.929
1530.2127, -40.943
1530.2159, -40.946
1530.2190, -40.961
1530.2222, -40.962
1530.2253, -40.964
1530.2285, -40.965
1530.2316, -40.955
1530.2348, -40.937
1530.2379, -40.920
1530.2410, -40.902
1530.2442, -40.886
1530.2473, -40.861
1530.2505, -40.845
1530.2536, -40.833
1530.2568, -40.812
1530.2599, -40.800
1530.2631, -40.786
1530.2662, -40.784
1530.2693, -40.787
1530.2725, -40.783
1530.2756, -40.783
1530.2788, -40.781
1530.2819, -40.787
1530.2851, -40.789
1530.2882, -40.788
1530.2913, -40.791
1530.2945, -40.794
1530.2976, -40.787
1530.3008, -40.795
1530.3039, -40.791
1530.3071, -40.797
1530.3102, -40.805
1530.3134, -40.816
1530.3165, -40.816
1530.3196, -40.828
1530.3228, -40.840
1530.3259, -40.861
1530.3291, -40.873
1530.3322, -40.889
1530.3354, -40.901
1530.3385, -40.906
1530.3417, -40.901
1530.3448, -40.897
1530.3479, -40.901
1530.3511, -40.883
1530.3542, -40.866
1530.3574, -40.849
1530.3605, -40.818
1530.3637, -40.792
1530.3668, -40.774
1530.3700, -40.760
1530.3731, -40.746
1530.3762, -40.729
1530.3794, -40.735
1530.3825, -40.736
1530.3857, -40.745
1530.3888, -40.760
1530.3920, -40.779
1530.3951, -40.803
1530.3983, -40.805
1530.4014, -40.831
1530.4045, -40.840
1530.4077, -40.858
1530.4108, -40.860
1530.4140, -40.872
1530.4171, -40.864
1530.4203, -40.869
1530.4234, -40.862
1530.4266, -40.854
1530.4297, -40.851
1530.4328, -40.853
1530.4360, -40.846
1530.4391, -40.860
1530.4423, -40.867
1530.4454, -40.862
1530.4486, -40.874
1530.4517, -40.881
1530.4548, -40.891
1530.4580, -40.887
1530.4611, -40.886
1530.4643, -40.890
1530.4674, -40.882
1530.4706, -40.870
1530.4737, -40.855
1530.4769, -40.832
1530.4800, -40.825
1530.4831, -40.803
1530.4863, -40.790
1530.4894, -40.785
1530.4926, -40.780
1530.4957, -40.783
1530.4989, -40.772
1530.5020, -40.789
1530.5052, -40.803
1530.5083, -40.813
1530.5114, -40.828
1530.5146, -40.838
1530.5177, -40.850
1530.5209, -40.851
1530.5240, -40.852
1530.5272, -40.845
1530.5303, -40.845
1530.5335, -40.835
1530.5366, -40.835
1530.5397, -40.828
1530.5429, -40.813
1530.5460, -40.825
1530.5492, -40.825
1530.5523, -40.824
1530.5555, -40.822
1530.5586, -40.827
1530.5618, -40.818
1530.5649, -40.821
1530.5680, -40.818
1530.5712, -40.815
1530.5743, -40.806
1530.5775, -40.803
1530.5806, -40.793
1530.5838, -40.779
1530.5869, -40.772
1530.5900, -40.753
1530.5932, -40.741
1530.5963, -40.730
1530.5995, -40.722
1530.6026, -40.717
1530.6058, -40.720
1530.6089, -40.706
1530.6121, -40.716
1530.6152, -40.718
1530.6183, -40.718
1530.6215, -40.731
1530.6246, -40.739
1530.6278, -40.739
1530.6309, -40.747
1530.6341, -40.755
1530.6372, -40.751
1530.6404, -40.750
1530.6435, -40.738
1530.6466, -40.732
1530.6498, -40.728
1530.6529, -40.722
1530.6561, -40.714
1530.6592, -40.707
1530.6624, -40.700
1530.6655, -40.696
1530.6687, -40.697
1530.6718, -40.696
1530.6749, -40.704
1530.6781, -40.710
1530.6812, -40.717
1530.6844, -40.724
1530.6875, -40.731
1530.6907, -40.729
1530.6938, -40.726
1530.6970, -40.722
1530.7001, -40.711
1530.7032, -40.700
1530.7064, -40.694
1530.7095, -40.679
1530.7127, -40.662
1530.7158, -40.656
1530.7190, -40.649
1530.7221, -40.648
1530.7253, -40.645
1530.7284, -40.653
1530.7315, -40.667
1530.7347, -40.672
1530.7378, -40.693
1530.7410, -40.694
1530.7441, -40.707
1530.7473, -40.716
1530.7504, -40.720
1530.7535, -40.711
1530.7567, -40.709
1530.7598, -40.702
1530.7630, -40.698
1530.7661, -40.698
1530.7693, -40.688
1530.7724, -40.688
1530.7756, -40.676
1530.7787, -40.680
1530.7818, -40.679
1530.7850, -40.677
1530.7881, -40.675
1530.7913, -40.676
1530.7944, -40.676
1530.7976, -40.671
1530.8007, -40.661
1530.8039, -40.650
1530.8070, -40.645
1530.8101, -40.633
1530.8133, -40.628
1530.8164, -40.625
1530.8196, -40.625
1530.8227, -40.620
1530.8259, -40.630
1530.8290, -40.633
1530.8322, -40.639
1530.8353, -40.649
1530.8384, -40.653
1530.8416, -40.658
1530.8447, -40.655
1530.8479, -40.657
1530.8510, -40.648
1530.8542, -40.644
1530.8573, -40.635
1530.8605, -40.619
1530.8636, -40.613
1530.8667, -40.600
1530.8699, -40.593
1530.8730, -40.593
1530.8762, -40.584
1530.8793, -40.580
1530.8825, -40.574
1530.8856, -40.565
1530.8887, -40.555
1530.8919, -40.545
1530.8950, -40.526
1530.8982, -40.516
1530.9013, -40.497
1530.9045, -40.479
1530.9076, -40.470
1530.9108, -40.459
1530.9139, -40.456
1530.9170, -40.459
1530.9202, -40.466
1530.9233, -40.480
1530.9265, -40.493
1530.9296, -40.513
1530.9328, -40.529
1530.9359, -40.538
1530.9391, -40.554
1530.9422, -40.561
1530.9453, -40.561
1530.9485, -40.556
1530.9516, -40.551
1530.9548, -40.536
1530.9579, -40.527
1530.9611, -40.517
1530.9642, -40.505
1530.9674, -40.497
1530.9705, -40.491
1530.9736, -40.492
1530.9768, -40.492
1530.9799, -40.501
1530.9831, -40.507
1530.9862, -40.513
1530.9894, -40.518
1530.9925, -40.521
1530.9957, -40.525
1530.9988, -40.522
1531.0019, -40.518
1531.0051, -40.514
1531.0082, -40.504
1531.0114, -40.497
1531.0145, -40.493
1531.0177, -40.490
1531.0208, -40.487
1531.0240, -40.492
1531.0271, -40.498
1531.0302, -40.507
1531.0334, -40.513
1531.0365, -40.529
1531.0397, -40.533
1531.0428, -40.539
1531.0460, -40.543
1531.0491, -40.544
1531.0522, -40.541
1531.0554, -40.538
1531.0585, -40.535
1531.0617, -40.534
1531.0648, -40.538
1531.0680, -40.540
1531.0711, -40.543
1531.0743, -40.553
1531.0774, -40.557
1531.0805, -40.569
1531.0837, -40.576
1531.0868, -40.590
1531.0900, -40.594
1531.0931, -40.602
1531.0963, -40.604
1531.0994, -40.601
1531.1026, -40.601
1531.1057, -40.593
1531.1088, -40.590
1531.1120, -40.575
1531.1151, -40.556
1531.1183, -40.538
1531.1214, -40.523
1531.1246, -40.504
1531.1277, -40.482
1531.1309, -40.460
1531.1340, -40.448
1531.1371, -40.434
1531.1403, -40.421
1531.1434, -40.415
1531.1466, -40.409
1531.1497, -40.415
1531.1529, -40.419
1531.1560, -40.433
1531.1592, -40.443
1531.1623, -40.458
1531.1654, -40.476
1531.1686, -40.492
1531.1717, -40.506
1531.1749, -40.515
1531.1780, -40.526
1531.1812, -40.529
1531.1843, -40.530
1531.1874, -40.530
1531.1906, -40.524
1531.1937, -40.520
1531.1969, -40.522
1531.2000, -40.525
1531.2032, -40.533
1531.2063, -40.549
1531.2095, -40.573
1531.2126, -40.600
1531.2157, -40.639
1531.2189, -40.682
1531.2220, -40.727
1531.2252, -40.768
1531.2283, -40.820
1531.2315, -40.874
1531.2346, -40.926
1531.2378, -40.979
1531.2409, -41.037
1531.2440, -41.108
1531.2472, -41.182
1531.2503, -41.261
1531.2535, -41.352
1531.2566, -41.455
1531.2598, -41.567
1531.2629, -41.696
1531.2661, -41.838
1531.2692, -41.989
1531.2723, -42.156
1531.2755, -42.331
1531.2786, -42.521
1531.2818, -42.728
1531.2849, -42.951
1531.2881, -43.135
1531.2912, -43.342
1531.2944, -43.647
1531.2975, -43.931
1531.3006, -44.237
1531.3038, -44.572
1531.3069, -44.930
1531.3101, -45.311
1531.3132, -45.707
1531.3164, -46.128
1531.3195, -46.588
1531.3227, -47.061
1531.3258, -47.545
1531.3289, -48.055
1531.3321, -48.602
1531.3352, -49.163
1531.3384, -49.735
1531.3415, -50.345
1531.3447, -50.984
1531.3478, -51.663
1531.3509, -52.356
1531.3541, -53.072
1531.3572, -53.839
1531.3604, -54.640
1531.3635, -55.494
1531.3667, -56.334
1531.3698, -57.263
1531.3730, -58.248
1531.3761, -59.226
1531.3792, -60.218
1531.3824, -61.287
1531.3855, -62.399
1531.3887, -63.520
1531.3918, -64.601
1531.3950, -65.757
1531.3981, -66.940
1531.4013, -68.153
1531.4044, -69.307
1531.4075, -70.435
1531.4107, -71.603
1531.4138, -72.711
1531.4170, -73.900
1531.4201, -75.083
1531.4233, -76.129
1531.4264, -77.099
1531.4296, -78.112
1531.4327, -79.113
1531.4358, -80.066
1531.4390, -80.934
1531.4421, -81.553
1531.4453, -82.297
1531.4484, -82.419
1531.4516, -83.056
1531.4547, -83.583
1531.4579, -83.715
1531.4610, -83.370
1531.4641, -83.765
1531.4673, -84.071
1531.4704, -84.361
1531.4736, -84.093
1531.4767, -84.459
1531.4799, -84.068
1531.4830, -83.887
1531.4861, -84.106
1531.4893, -84.767
1531.4924, -84.564
1531.4956, -85.103
1531.4987, -84.742
1531.5019, -84.855
1531.5050, -85.464
1531.5082, -85.301
1531.5113, -85.135
1531.5144, -84.947
1531.5176, -85.055
1531.5207, -84.508
1531.5239, -84.981
1531.5270, -84.946
1531.5302, -85.125
1531.5333, -85.274
1531.5365, -85.549
1531.5396, -84.631
1531.5427, -84.580
1531.5459, -84.474
1531.5490, -84.109
1531.5522, -83.343
1531.5553, -83.385
1531.5585, -83.367
1531.5616, -82.434
1531.5648, -81.925
1531.5679, -81.325
1531.5710, -80.529
1531.5742, -80.195
1531.5773, -79.481
1531.5805, -78.483
1531.5836, -77.584
1531.5868, -76.817
1531.5899, -75.823
1531.5931, -74.915
1531.5962, -73.919
1531.5993, -73.098
1531.6025, -72.126
1531.6056, -71.232
1531.6088, -70.479
1531.6119, -69.410
1531.6151, -68.397
1531.6182, -67.439
1531.6214, -66.433
1531.6245, -65.420
1531.6276, -64.479
1531.6308, -63.508
1531.6339, -62.538
1531.6371, -61.608
1531.6402, -60.708
1531.6434, -59.785
1531.6465, -58.890
1531.6496, -57.993
1531.6528, -57.150
1531.6559, -56.338
1531.6591, -55.534
1531.6622, -54.723
1531.6654, -53.965
1531.6685, -53.223
1531.6717, -52.507
1531.6748, -51.796
1531.6779, -51.107
1531.6811, -50.468
1531.6842, -49.841
1531.6874, -49.216
1531.6905, -48.625
1531.6937, -48.058
1531.6968, -47.517
1531.7000, -46.994
1531.7031, -46.487
1531.7062, -46.012
1531.7094, -45.568
1531.7125, -45.142
1531.7157, -44.730
1531.7188, -44.341
1531.7220, -43.982
1531.7251, -43.639
1531.7283, -43.305
1531.7314, -42.999
1531.7345, -42.709
1531.7377, -42.435
1531.7408, -42.173
1531.7440, -41.923
1531.7471, -41.692
1531.7503, -41.477
1531.7534, -41.273
1531.7566, -41.077
1531.7597, -40.899
1531.7628, -40.729
1531.7660, -40.572
1531.7691, -40.429
1531.7723, -40.303
1531.7754, -40.191
1531.7786, -40.093
1531.7817, -40.004
1531.7848, -39.928
1531.7880, -39.869
1531.7911, -39.813
1531.7943, -39.769
1531.7974, -39.725
1531.8006, -39.692
1531.8037, -39.661
1531.8069, -39.635
1531.8100, -39.611
1531.8131, -39.588
1531.8163, -39.567
1531.8194, -39.547
1531.8226, -39.528
1531.8257, -39.506
1531.8289, -39.419
1531.8320, -39.441
1531.8352, -39.452
1531.8383, -39.453
1531.8414, -39.453
1531.8446, -39.458
1531.8477, -39.462
1531.8509, -39.465
1531.8540, -39.470
1531.8572, -39.474
1531.8603, -39.476
1531.8635, -39.481
1531.8666, -39.482
1531.8697, -39.482
1531.8729, -39.478
1531.8760, -39.475
1531.8792, -39.467
1531.8823, -39.460
1531.8855, -39.453
1531.8886, -39.442
1531.8918, -39.434
1531.8949, -39.426
1531.8980, -39.417
1531.9012, -39.409
1531.9043, -39.402
1531.9075, -39.397
1531.9106, -39.392
1531.9138, -39.386
1531.9169, -39.382
1531.9201, -39.380
1531.9232, -39.380
1531.9263, -39.378
1531.9295, -39.382
1531.9326, -39.387
1531.9358, -39.394
1531.9389, -39.402
1531.9421, -39.415
1531.9452, -39.431
1531.9483, -39.444
1531.9515, -39.459
1531.9546, -39.476
1531.9578, -39.494
1531.9609, -39.510
1531.9641, -39.529
1531.9672, -39.548
1531.9704, -39.566
1531.9735, -39.584
1531.9766, -39.601
1531.9798, -39.620
1531.9829, -39.635
1531.9861, -39.653
1531.9892, -39.672
1531.9924, -39.690
1531.9955, -39.710
1531.9987, -39.731
1532.0018, -39.753
1532.0049, -39.783
1532.0081, -39.814
1532.0112, -39.853
1532.0144, -39.899
1532.0175, -39.953
1532.0207, -40.016
1532.0238, -40.091
1532.0270, -40.178
1532.0301, -40.278
1532.0332, -40.387
1532.0364, -40.506
1532.0395, -40.636
1532.0427, -40.778
1532.0458, -40.930
1532.0490, -41.088
1532.0521, -41.253
1532.0553, -41.432
1532.0584, -41.621
1532.0615, -41.820
1532.0647, -42.026
1532.0678, -42.253
1532.0710, -42.497
1532.0741, -42.755
1532.0773, -43.031
1532.0804, -43.335
1532.0835, -43.661
1532.0867, -44.007
1532.0898, -44.370
1532.0930, -44.765
1532.0961, -45.187
1532.0993, -45.634
1532.1024, -46.102
1532.1056, -46.585
1532.1087, -47.096
1532.1118, -47.651
1532.1150, -48.226
1532.1181, -48.793
1532.1213, -49.405
1532.1244, -50.065
1532.1276, -50.731
1532.1307, -51.423
1532.1339, -52.159
1532.1370, -52.943
1532.1401, -53.747
1532.1433, -54.586
1532.1464, -55.450
1532.1496, -56.381
1532.1527, -57.349
1532.1559, -58.315
1532.1590, -59.349
1532.1622, -60.397
1532.1653, -61.463
1532.1684, -62.565
1532.1716, -63.704
1532.1747, -64.875
1532.1779, -66.082
1532.1810, -67.206
1532.1842, -68.323
1532.1873, -69.584
1532.1905, -70.802
1532.1936, -71.966
1532.1967, -73.084
1532.1999, -74.289
1532.2030, -75.411
1532.2062, -76.591
1532.2093, -77.652
1532.2125, -78.635
1532.2156, -79.750
1532.2188, -80.750
1532.2219, -81.368
1532.2250, -82.506
1532.2282, -82.771
1532.2313, -83.197
1532.2345, -83.659
1532.2376, -83.833
1532.2408, -83.758
1532.2439, -83.648
1532.2470, -83.978
1532.2502, -84.092
1532.2533, -84.383
1532.2565, -84.337
1532.2596, -84.695
1532.2628, -84.664
1532.2659, -84.987
1532.2691, -85.002
1532.2722, -85.283
1532.2753, -85.680
1532.2785, -85.806
1532.2816, -84.876
1532.2848, -86.019
1532.2879, -85.607
1532.2911, -85.757
1532.2942, -86.004
1532.2974, -86.186
1532.3005, -86.105
1532.3036, -85.715
1532.3068, -86.314
1532.3099, -85.909
1532.3131, -86.144
1532.3162, -85.421
1532.3194, -85.779
1532.3225, -85.284
1532.3257, -85.729
1532.3288, -85.136
1532.3319, -84.942
1532.3351, -84.241
1532.3382, -83.789
1532.3414, -83.544
1532.3445, -83.104
1532.3477, -82.492
1532.3508, -81.853
1532.3540, -81.160
1532.3571, -80.490
1532.3602, -79.797
1532.3634, -78.994
1532.3665, -78.137
1532.3697, -77.392
1532.3728, -76.464
1532.3760, -75.540
1532.3791, -74.492
1532.3823, -73.427
1532.3854, -72.538
1532.3885, -71.344
1532.3917, -70.242
1532.3948, -69.164
1532.3980, -68.237
1532.4011, -67.155
1532.4043, -66.089
1532.4074, -65.066
1532.4105, -64.019
1532.4137, -62.988
1532.4168, -61.978
1532.4200, -61.026
1532.4231, -60.100
1532.4263, -59.185
1532.4294, -58.270
1532.4326, -57.377
1532.4357, -56.519
1532.4388, -55.671
1532.4420, -54.846
1532.4451, -54.058
1532.4483, -53.291
1532.4514, -52.556
1532.4546, -51.819
1532.4577, -51.136
1532.4609, -50.464
1532.4640, -49.824
1532.4671, -49.196
1532.4703, -48.594
1532.4734, -48.011
1532.4766, -47.469
1532.4797, -46.943
1532.4829, -46.434
1532.4860, -45.953
1532.4892, -45.497
1532.4923, -45.052
1532.4954, -44.621
1532.4986, -44.211
1532.5017, -43.828
1532.5049, -43.459
1532.5080, -43.096
1532.5112, -42.762
1532.5143, -42.445
1532.5175, -42.147
1532.5206, -41.860
1532.5237, -41.585
1532.5269, -41.345
1532.5300, -41.113
1532.5332, -40.903
1532.5363, -40.702
1532.5395, -40.523
1532.5426, -40.365
1532.5457, -40.214
1532.5489, -40.078
1532.5520, -39.956
1532.5552, -39.844
1532.5583, -39.741
1532.5615, -39.654
1532.5646, -39.570
1532.5678, -39.498
1532.5709, -39.378
1532.5740, -39.357
1532.5772, -39.338
1532.5803, -39.312
1532.5835, -39.299
1532.5866, -39.288
1532.5898, -39.279
1532.5929, -39.273
1532.5961, -39.275
1532.5992, -39.276
1532.6023, -39.276
1532.6055, -39.273
1532.6086, -39.278
1532.6118, -39.277
1532.6149, -39.275
1532.6181, -39.272
1532.6212, -39.267
1532.6244, -39.261
1532.6275, -39.253
1532.6306, -39.246
1532.6338, -39.239
1532.6369, -39.227
1532.6401, -39.221
1532.6432, -39.209
1532.6464, -39.198
1532.6495, -39.185
1532.6527, -39.175
1532.6558, -39.167
1532.6589, -39.164
1532.6621, -39.156
1532.6652, -39.146
1532.6684, -39.143
1532.6715, -39.139
1532.6747, -39.138
1532.6778, -39.139
1532.6810, -39.139
1532.6841, -39.147
1532.6872, -39.157
1532.6904, -39.164
1532.6935, -39.178
1532.6967, -39.199
1532.6998, -39.217
1532.7030, -39.234
1532.7061, -39.249
1532.7092, -39.268
1532.7124, -39.286
1532.7155, -39.303
1532.7187, -39.317
1532.7218, -39.316
1532.7250, -39.322
1532.7281, -39.315
1532.7313, -39.307
1532.7344, -39.300
1532.7375, -39.289
1532.7407, -39.272
1532.7438, -39.262
1532.7470, -39.247
1532.7501, -39.237
1532.7533, -39.236
1532.7564, -39.233
1532.7596, -39.242
1532.7627, -39.252
1532.7658, -39.268
1532.7690, -39.294
1532.7721, -39.314
1532.7753, -39.338
1532.7784, -39.365
1532.7816, -39.390
1532.7847, -39.424
1532.7879, -39.455
1532.7910, -39.487
1532.7941, -39.524
1532.7973, -39.572
1532.8004, -39.624
1532.8036, -39.683
1532.8067, -39.752
1532.8099, -39.838
1532.8130, -39.930
1532.8162, -40.038
1532.8193, -40.155
1532.8224, -40.278
1532.8256, -40.419
1532.8287, -40.573
1532.8319, -40.733
1532.8350, -40.901
1532.8382, -41.079
1532.8413, -41.267
1532.8444, -41.463
1532.8476, -41.672
1532.8507, -41.901
1532.8539, -42.144
1532.8570, -42.404
1532.8602, -42.677
1532.8633, -42.973
1532.8665, -43.295
1532.8696, -43.641
1532.8727, -44.005
1532.8759, -44.397
1532.8790, -44.813
1532.8822, -45.254
1532.8853, -45.705
1532.8885, -46.189
1532.8916, -46.702
1532.8948, -47.251
1532.8979, -47.829
1532.9010, -48.413
1532.9042, -49.018
1532.9073, -49.674
1532.9105, -50.356
1532.9136, -51.063
1532.9168, -51.817
1532.9199, -52.591
1532.9231, -53.417
1532.9262, -54.250
1532.9293, -55.111
1532.9325, -56.026
1532.9356, -57.014
1532.9388, -57.991
1532.9419, -58.988
1532.9451, -60.042
1532.9482, -61.107
1532.9514, -62.186
1532.9545, -63.290
1532.9576, -64.475
1532.9608, -65.667
1532.9639, -66.852
1532.9671, -68.055
1532.9702, -69.282
1532.9734, -70.425
1532.9765, -71.671
1532.9797, -72.910
1532.9828, -74.054
1532.9859, -75.423
1532.9891, -76.478
1532.9922, -77.577
1532.9954, -78.679
1532.9985, -79.697
1533.0017, -80.760
1533.0048, -81.392
1533.0079, -82.127
1533.0111, -82.523
1533.0142, -83.067
1533.0174, -83.660
1533.0205, -83.077
1533.0237, -83.249
1533.0268, -83.823
1533.0300, -83.786
1533.0331, -83.624
1533.0362, -83.791
1533.0394, -84.294
1533.0425, -84.687
1533.0457, -84.331
1533.0488, -85.078
1533.0520, -85.165
1533.0551, -84.769
1533.0583, -84.859
1533.0614, -85.518
1533.0645, -85.886
1533.0677, -85.242
1533.0708, -86.371
1533.0740, -85.496
1533.0771, -85.334
1533.0803, -85.933
1533.0834, -85.639
1533.0866, -86.086
1533.0897, -85.782
1533.0928, -85.918
1533.0960, -86.214
1533.0991, -85.958
1533.1023, -85.942
1533.1054, -85.619
1533.1086, -85.907
1533.1117, -85.263
1533.1149, -84.766
1533.1180, -84.739
1533.1211, -84.652
1533.1243, -83.301
1533.1274, -82.957
1533.1306, -82.562
1533.1337, -81.473
1533.1369, -81.119
1533.1400, -80.230
1533.1431, -79.303
1533.1463, -78.511
1533.1494, -77.807
1533.1526, -76.997
1533.1557, -76.027
1533.1589, -75.065
1533.1620, -73.988
1533.1652, -73.002
1533.1683, -71.905
1533.1714, -70.869
1533.1746, -69.773
1533.1777, -68.725
1533.1809, -67.759
1533.1840, -66.666
1533.1872, -65.570
1533.1903, -64.573
1533.1935, -63.609
1533.1966, -62.596
1533.1997, -61.595
1533.2029, -60.602
1533.2060, -59.654
1533.2092, -58.730
1533.2123, -57.777
1533.2155, -56.885
1533.2186, -56.016
1533.2218, -55.170
1533.2249, -54.312
1533.2280, -53.489
1533.2312, -52.701
1533.2343, -51.951
1533.2375, -51.223
1533.2406, -50.505
1533.2438, -49.827
1533.2469, -49.171
1533.2501, -48.548
1533.2532, -47.940
1533.2563, -47.360
1533.2595, -46.815
1533.2626, -46.278
1533.2658, -45.760
1533.2689, -45.256
1533.2721, -44.786
1533.2752, -44.338
1533.2784, -43.876
1533.2815, -43.449
1533.2846, -43.052
1533.2878, -42.677
1533.2909, -42.313
1533.2941, -41.969
1533.2972, -41.652
1533.3004, -41.365
1533.3035, -41.092
1533.3066, -40.836
1533.3098, -40.605
1533.3129, -40.399
1533.3161, -40.203
1533.3192, -40.018
1533.3224, -39.849
1533.3255, -39.692
1533.3287, -39.541
1533.3318, -39.352
1533.3349, -39.238
1533.3381, -39.146
1533.3412, -39.050
1533.3444, -38.961
1533.3475, -38.878
1533.3507, -38.804
1533.3538, -38.747
1533.3570, -38.695
1533.3601, -38.653
1533.3632, -38.619
1533.3664, -38.590
1533.3695, -38.570
1533.3727, -38.553
1533.3758, -38.534
1533.3790, -38.518
1533.3821, -38.502
1533.3853, -38.481
1533.3884, -38.466
1533.3915, -38.442
1533.3947, -38.426
1533.3978, -38.403
1533.4010, -38.385
1533.4041, -38.370
1533.4073, -38.362
1533.4104, -38.356
1533.4136, -38.355
1533.4167, -38.357
1533.4198, -38.363
1533.4230, -38.377
1533.4261, -38.389
1533.4293, -38.402
1533.4324, -38.416
1533.4356, -38.427
1533.4387, -38.438
1533.4418, -38.448
1533.4450, -38.453
1533.4481, -38.456
1533.4513, -38.459
1533.4544, -38.456
1533.4576, -38.454
1533.4607, -38.453
1533.4639, -38.452
1533.4670, -38.450
1533.4701, -38.448
1533.4733, -38.452
1533.4764, -38.453
1533.4796, -38.456
1533.4827, -38.458
1533.4859, -38.462
1533.4890, -38.463
1533.4922, -38.472
1533.4953, -38.472
1533.4984, -38.469
1533.5016, -38.467
1533.5047, -38.464
1533.5079, -38.459
1533.5110, -38.454
1533.5142, -38.446
1533.5173, -38.443
1533.5205, -38.443
1533.5236, -38.442
1533.5267, -38.448
1533.5299, -38.454
1533.5330, -38.464
1533.5362, -38.476
1533.5393, -38.492
1533.5425, -38.507
1533.5456, -38.530
1533.5488, -38.550
1533.5519, -38.574
1533.5550, -38.594
1533.5582, -38.613
1533.5613, -38.633
1533.5645, -38.655
1533.5676, -38.680
1533.5708, -38.704
1533.5739, -38.727
1533.5771, -38.760
1533.5802, -38.795
1533.5833, -38.836
1533.5865, -38.882
1533.5896, -38.940
1533.5928, -39.005
1533.5959, -39.082
1533.5991, -39.171
1533.6022, -39.272
1533.6053, -39.386
1533.6085, -39.508
1533.6116, -39.643
1533.6148, -39.792
1533.6179, -39.957
1533.6211, -40.131
1533.6242, -40.317
1533.6274, -40.515
1533.6305, -40.728
1533.6336, -40.958
1533.6368, -41.197
1533.6399, -41.453
1533.6431, -41.736
1533.6462, -42.037
1533.6494, -42.347
1533.6525, -42.681
1533.6557, -43.040
1533.6588, -43.432
1533.6619, -43.837
1533.6651, -44.263
1533.6682, -44.717
1533.6714, -45.199
1533.6745, -45.696
1533.6777, -46.215
1533.6808, -46.761
1533.6840, -47.343
1533.6871, -48.000
1533.6902, -48.592
1533.6934, -49.249
1533.6965, -49.930
1533.6997, -50.662
1533.7028, -51.387
1533.7060, -52.157
1533.7091, -52.966
1533.7123, -53.815
1533.7154, -54.706
1533.7185, -55.583
1533.7217, -56.526
1533.7248, -57.601
1533.7280, -58.548
1533.7311, -59.564
1533.7343, -60.627
1533.7374, -61.713
1533.7405, -62.830
1533.7437, -63.933
1533.7468, -65.091
1533.7500, -66.261
1533.7531, -67.445
1533.7563, -68.603
1533.7594, -69.841
1533.7626, -71.126
1533.7657, -72.327
1533.7688, -73.441
1533.7720, -74.569
1533.7751, -75.712
1533.7783, -77.045
1533.7814, -78.031
1533.7846, -79.156
1533.7877, -80.201
1533.7909, -81.240
1533.7940, -81.980
1533.7971, -82.493
1533.8003, -83.023
1533.8034, -83.478
1533.8066, -83.717
1533.8097, -84.308
1533.8129, -84.310
1533.8160, -84.456
1533.8192, -85.205
1533.8223, -84.829
1533.8254, -84.833
1533.8286, -85.091
1533.8317, -85.196
1533.8349, -85.444
1533.8380, -85.549
1533.8412, -85.307
1533.8443, -85.611
1533.8475, -85.483
1533.8506, -85.549
1533.8537, -85.556
1533.8569, -86.043
1533.8600, -86.148
1533.8632, -85.144
1533.8663, -86.116
1533.8695, -85.606
1533.8726, -85.778
1533.8758, -86.170
1533.8789, -85.301
1533.8820, -85.116
1533.8852, -85.491
1533.8883, -85.064
1533.8915, -84.708
1533.8946, -84.376
1533.8978, -83.657
1533.9009, -83.621
1533.9040, -82.996
1533.9072, -81.898
1533.9103, -82.167
1533.9135, -81.042
1533.9166, -79.803
1533.9198, -79.081
1533.9229, -78.326
1533.9261, -77.285
1533.9292, -76.478
1533.9323, -75.230
1533.9355, -74.517
1533.9386, -73.473
1533.9418, -72.494
1533.9449, -71.631
1533.9481, -70.640
1533.9512, -69.870
1533.9544, -68.945
1533.9575, -67.958
1533.9606, -67.097
1533.9638, -66.132
1533.9669, -65.188
1533.9701, -64.334
1533.9732, -63.404
1533.9764, -62.498
1533.9795, -61.557
1533.9827, -60.668
1533.9858, -59.869
1533.9889, -59.008
1533.9921, -58.127
1533.9952, -57.292
1533.9984, -56.479
1534.0015, -55.677
1534.0047, -54.864
1534.0078, -54.081
1534.0110, -53.318
1534.0141, -52.564
1534.0172, -51.825
1534.0204, -51.099
1534.0235, -50.402
1534.0267, -49.735
1534.0298, -49.096
1534.0330, -48.452
1534.0361, -47.842
1534.0392, -47.250
1534.0424, -46.682
1534.0455, -46.126
1534.0487, -45.592
1534.0518, -45.088
1534.0550, -44.605
1534.0581, -44.132
1534.0613, -43.681
1534.0644, -43.258
1534.0675, -42.851
1534.0707, -42.469
1534.0738, -42.099
1534.0770, -41.743
1534.0801, -41.415
1534.0833, -41.098
1534.0864, -40.797
1534.0896, -40.513
1534.0927, -40.252
1534.0958, -40.007
1534.0990, -39.774
1534.1021, -39.536
1534.1053, -39.293
1534.1084, -39.144
1534.1116, -38.992
1534.1147, -38.850
1534.1179, -38.721
1534.1210, -38.603
1534.1241, -38.496
1534.1273, -38.402
1534.1304, -38.322
1534.1336, -38.253
1534.1367, -38.190
1534.1399, -38.137
1534.1430, -38.094
1534.1462, -38.055
1534.1493, -38.021
1534.1524, -37.994
1534.1556, -37.972
1534.1587, -37.951
1534.1619, -37.933
1534.1650, -37.920
1534.1682, -37.910
1534.1713, -37.897
1534.1745, -37.889
1534.1776, -37.874
1534.1807, -37.860
1534.1839, -37.846
1534.1870, -37.832
1534.1902, -37.816
1534.1933, -37.803
1534.1965, -37.788
1534.1996, -37.771
1534.2027, -37.757
1534.2059, -37.742
1534.2090, -37.732
1534.2122, -37.727
1534.2153, -37.724
1534.2185, -37.727
1534.2216, -37.733
1534.2248, -37.743
1534.2279, -37.754
1534.2310, -37.765
1534.2342, -37.779
1534.2373, -37.793
1534.2405, -37.800
1534.2436, -37.803
1534.2468, -37.804
1534.2499, -37.802
1534.2531, -37.794
1534.2562, -37.781
1534.2593, -37.762
1534.2625, -37.745
1534.2656, -37.728
1534.2688, -37.711
1534.2719, -37.695
1534.2751, -37.682
1534.2782, -37.667
1534.2814, -37.657
1534.2845, -37.657
1534.2876, -37.658
1534.2908, -37.663
1534.2939, -37.669
1534.2971, -37.676
1534.3002, -37.681
1534.3034, -37.689
1534.3065, -37.696
1534.3097, -37.700
1534.3128, -37.704
1534.3159, -37.708
1534.3191, -37.712
1534.3222, -37.716
1534.3254, -37.721
1534.3285, -37.731
1534.3317, -37.745
1534.3348, -37.765
1534.3380, -37.788
1534.3411, -37.815
1534.3442, -37.848
1534.3474, -37.888
1534.3505, -37.929
1534.3537, -37.974
1534.3568, -38.023
1534.3600, -38.074
1534.3631, -38.128
1534.3662, -38.183
1534.3694, -38.248
1534.3725, -38.316
1534.3757, -38.388
1534.3788, -38.463
1534.3820, -38.552
1534.3851, -38.646
1534.3883, -38.751
1534.3914, -38.868
1534.3945, -38.991
1534.3977, -39.128
1534.4008, -39.282
1534.4040, -39.443
1534.4071, -39.611
1534.4103, -39.805
1534.4134, -40.005
1534.4166, -40.214
1534.4197, -40.443
1534.4228, -40.689
1534.4260, -40.949
1534.4291, -41.222
1534.4323, -41.507
1534.4354, -41.819
1534.4386, -42.155
1534.4417, -42.505
1534.4449, -42.871
1534.4480, -43.264
1534.4511, -43.688
1534.4543, -44.124
1534.4574, -44.586
1534.4606, -45.073
1534.4637, -45.596
1534.4669, -46.150
1534.4700, -46.704
1534.4732, -47.291
1534.4763, -47.930
1534.4794, -48.590
1534.4826, -49.262
1534.4857, -49.949
1534.4889, -50.675
1534.4920, -51.436
1534.4952, -52.212
1534.4983, -53.025
1534.5014, -53.879
1534.5046, -54.751
1534.5077, -55.660
1534.5109, -56.616
1534.5140, -57.607
1534.5172, -58.607
1534.5203, -59.637
1534.5235, -60.684
1534.5266, -61.781
1534.5297, -62.828
1534.5329, -64.075
1534.5360, -65.206
1534.5392, -66.425
1534.5423, -67.583
1534.5455, -68.778
1534.5486, -69.911
1534.5518, -71.084
1534.5549, -72.135
1534.5580, -73.236
1534.5612, -74.348
1534.5643, -75.456
1534.5675, -76.663
1534.5706, -77.883
1534.5738, -79.063
1534.5769, -80.130
1534.5801, -80.826
1534.5832, -81.721
1534.5863, -82.479
1534.5895, -83.192
1534.5926, -83.509
1534.5958, -83.964
1534.5989, -84.003
1534.6021, -84.298
1534.6052, -84.680
1534.6084, -84.562
1534.6115, -85.041
1534.6146, -85.216
1534.6178, -85.303
1534.6209, -84.516
1534.6241, -85.233
1534.6272, -85.038
1534.6304, -85.559
1534.6335, -85.623
1534.6367, -85.873
1534.6398, -85.153
1534.6429, -85.188
1534.6461, -85.590
1534.6492, -85.512
1534.6524, -85.638
1534.6555, -85.031
1534.6587, -84.644
1534.6618, -85.076
1534.6649, -84.256
1534.6681, -84.396
1534.6712, -84.041
1534.6744, -84.476
1534.6775, -83.550
1534.6807, -83.470
1534.6838, -82.765
1534.6870, -82.307
1534.6901, -81.563
1534.6932, -80.859
1534.6964, -80.214
1534.6995, -78.934
1534.7027, -78.032
1534.7058, -77.097
1534.7090, -76.093
1534.7121, -74.882
1534.7153, -73.986
1534.7184, -73.022
1534.7215, -71.942
1534.7247, -70.791
1534.7278, -69.779
1534.7310, -68.848
1534.7341, -67.957
1534.7373, -66.952
1534.7404, -65.964
1534.7436, -65.069
1534.7467, -64.112
1534.7498, -63.193
1534.7530, -62.354
1534.7561, -61.475
1534.7593, -60.613
1534.7624, -59.788
1534.7656, -58.962
1534.7687, -58.104
1534.7719, -57.331
1534.7750, -56.512
1534.7781, -55.727
1534.7813, -54.989
1534.7844, -54.247
1534.7876, -53.526
1534.7907, -52.785
1534.7939, -52.112
1534.7970, -51.446
1534.8001, -50.800
1534.8033, -50.160
1534.8064, -49.540
1534.8096, -48.934
1534.8127, -48.354
1534.8159, -47.776
1534.8190, -47.228
1534.8222, -46.692
1534.8253, -46.171
1534.8284, -45.664
1534.8316, -45.159
1534.8347, -44.680
1534.8379, -44.215
1534.8410, -43.768
1534.8442, -43.328
1534.8473, -42.903
1534.8505, -42.505
1534.8536, -42.123
1534.8567, -41.748
1534.8599, -41.395
1534.8630, -41.062
1534.8662, -40.752
1534.8693, -40.456
1534.8725, -40.181
1534.8756, -39.924
1534.8788, -39.688
1534.8819, -39.436
1534.8850, -39.180
1534.8882, -39.029
1534.8913, -38.861
1534.8945, -38.701
1534.8976, -38.547
1534.9008, -38.400
1534.9039, -38.260
1534.9071, -38.128
1534.9102, -38.000
1534.9133, -37.880
1534.9165, -37.768
1534.9196, -37.655
1534.9228, -37.551
1534.9259, -37.470
1534.9291, -37.401
1534.9322, -37.338
1534.9354, -37.293
1534.9385, -37.258
1534.9416, -37.231
1534.9448, -37.212
1534.9479, -37.205
1534.9511, -37.198
1534.9542, -37.195
1534.9574, -37.195
1534.9605, -37.194
1534.9636, -37.190
1534.9668, -37.185
1534.9699, -37.175
1534.9731, -37.161
1534.9762, -37.145
1534.9794, -37.131
1534.9825, -37.117
1534.9857, -37.101
1534.9888, -37.088
1534.9919, -37.079
1534.9951, -37.072
1534.9982, -37.069
1535.0014, -37.070
1535.0045, -37.073
1535.0077, -37.075
1535.0108, -37.076
1535.0140, -37.078
1535.0171, -37.078
1535.0202, -37.076
1535.0234, -37.068
1535.0265, -37.055
1535.0297, -37.042
1535.0328, -37.028
1535.0360, -37.012
1535.0391, -36.990
1535.0423, -36.977
1535.0454, -36.964
1535.0485, -36.954
1535.0517, -36.944
1535.0548, -36.944
1535.0580, -36.942
1535.0611, -36.946
1535.0643, -36.954
1535.0674, -36.959
1535.0706, -36.967
1535.0737, -36.971
1535.0768, -36.974
1535.0800, -36.977
1535.0831, -36.974
1535.0863, -36.973
1535.0894, -36.962
1535.0926, -36.955
1535.0957, -36.944
1535.0988, -36.933
1535.1020, -36.924
1535.1051, -36.919
1535.1083, -36.920
1535.1114, -36.923
1535.1146, -36.933
1535.1177, -36.946
1535.1209, -36.966
1535.1240, -36.991
1535.1271, -37.020
1535.1303, -37.053
1535.1334, -37.094
1535.1366, -37.138
1535.1397, -37.185
1535.1429, -37.235
1535.1460, -37.292
1535.1492, -37.352
1535.1523, -37.415
1535.1554, -37.486
1535.1586, -37.561
1535.1617, -37.650
1535.1649, -37.748
1535.1680, -37.841
1535.1712, -37.945
1535.1743, -38.057
1535.1775, -38.178
1535.1806, -38.308
1535.1837, -38.446
1535.1869, -38.595
1535.1900, -38.754
1535.1932, -38.928
1535.1963, -39.107
1535.1995, -39.297
1535.2026, -39.502
1535.2058, -39.725
1535.2089, -39.960
1535.2120, -40.207
1535.2152, -40.475
1535.2183, -40.758
1535.2215, -41.057
1535.2246, -41.378
1535.2278, -41.716
1535.2309, -42.081
1535.2341, -42.462
1535.2372, -42.857
1535.2403, -43.275
1535.2435, -43.724
1535.2466, -44.198
1535.2498, -44.688
1535.2529, -45.194
1535.2561, -45.733
1535.2592, -46.299
1535.2623, -46.876
1535.2655, -47.484
1535.2686, -48.163
1535.2718, -48.794
1535.2749, -49.479
1535.2781, -50.189
1535.2812, -50.916
1535.2844, -51.693
1535.2875, -52.505
1535.2906, -53.334
1535.2938, -54.213
1535.2969, -55.118
1535.3001, -56.072
1535.3032, -57.057
1535.3064, -58.023
1535.3095, -59.072
1535.3127, -60.140
1535.3158, -61.252
1535.3189, -62.346
1535.3221, -63.581
1535.3252, -64.771
1535.3284, -65.957
1535.3315, -67.105
1535.3347, -68.376
1535.3378, -69.644
1535.3410, -70.747
1535.3441, -71.910
1535.3472, -73.034
1535.3504, -74.102
1535.3535, -75.338
1535.3567, -76.426
1535.3598, -77.370
1535.3630, -78.437
1535.3661, -79.633
1535.3693, -80.238
1535.3724, -81.102
1535.3755, -81.497
1535.3787, -82.233
1535.3818, -82.513
1535.3850, -82.447
1535.3881, -82.970
1535.3913, -82.722
1535.3944, -82.852
1535.3975, -83.255
1535.4007, -83.772
1535.4038, -83.992
1535.4070, -83.683
1535.4101, -83.619
1535.4133, -83.780
1535.4164, -83.822
1535.4196, -83.650
1535.4227, -84.078
1535.4258, -84.159
1535.4290, -84.387
1535.4321, -84.392
1535.4353, -84.154
1535.4384, -84.637
1535.4416, -84.591
1535.4447, -84.405
1535.4479, -84.336
1535.4510, -84.184
1535.4541, -83.733
1535.4573, -83.151
1535.4604, -83.228
1535.4636, -83.021
1535.4667, -82.314
1535.4699, -81.864
1535.4730, -81.109
1535.4762, -80.622
1535.4793, -80.154
1535.4824, -79.355
1535.4856, -78.554
1535.4887, -77.527
1535.4919, -76.757
1535.4950, -75.661
1535.4982, -74.636
1535.5013, -73.600
1535.5045, -72.437
1535.5076, -71.406
1535.5107, -70.339
1535.5139, -69.280
1535.5170, -68.334
1535.5202, -67.225
1535.5233, -66.206
1535.5265, -65.238
1535.5296, -64.239
1535.5328, -63.232
1535.5359, -62.242
1535.5390, -61.299
1535.5422, -60.369
1535.5453, -59.479
1535.5485, -58.568
1535.5516, -57.716
1535.5548, -56.864
1535.5579, -56.037
1535.5610, -55.236
1535.5642, -54.431
1535.5673, -53.676
1535.5705, -52.928
1535.5736, -52.199
1535.5768, -51.407
1535.5799, -50.618
1535.5831, -49.950
1535.5862, -49.315
1535.5893, -48.703
1535.5925, -48.093
1535.5956, -47.512
1535.5988, -46.943
1535.6019, -46.389
1535.6051, -45.841
1535.6082, -45.320
1535.6114, -44.819
1535.6145, -44.332
1535.6176, -43.851
1535.6208, -43.383
1535.6239, -42.941
1535.6271, -42.512
1535.6302, -42.098
1535.6334, -41.700
1535.6365, -41.318
1535.6397, -40.959
1535.6428, -40.609
1535.6459, -40.270
1535.6491, -39.949
1535.6522, -39.655
1535.6554, -39.338
1535.6585, -39.025
1535.6617, -38.809
1535.6648, -38.582
1535.6680, -38.366
1535.6711, -38.158
1535.6742, -37.962
1535.6774, -37.781
1535.6805, -37.615
1535.6837, -37.456
1535.6868, -37.308
1535.6900, -37.175
1535.6931, -37.056
1535.6962, -36.939
1535.6994, -36.834
1535.7025, -36.737
1535.7057, -36.651
1535.7088, -36.571
1535.7120, -36.499
1535.7151, -36.438
1535.7183, -36.379
1535.7214, -36.330
1535.7245, -36.286
1535.7277, -36.246
1535.7308, -36.214
1535.7340, -36.186
1535.7371, -36.162
1535.7403, -36.145
1535.7434, -36.135
1535.7466, -36.127
1535.7497, -36.122
1535.7528, -36.118
1535.7560, -36.118
1535.7591, -36.120
1535.7623, -36.121
1535.7654, -36.124
1535.7686, -36.127
1535.7717, -36.128
1535.7749, -36.130
1535.7780, -36.130
1535.7811, -36.135
1535.7843, -36.141
1535.7874, -36.146
1535.7906, -36.152
1535.7937, -36.161
1535.7969, -36.166
1535.8000, -36.172
1535.8032, -36.179
1535.8063, -36.187
1535.8094, -36.193
1535.8126, -36.196
1535.8157, -36.198
1535.8189, -36.193
1535.8220, -36.192
1535.8252, -36.182
1535.8283, -36.170
1535.8315, -36.161
1535.8346, -36.150
1535.8377, -36.141
1535.8409, -36.129
1535.8440, -36.120
1535.8472, -36.116
1535.8503, -36.115
1535.8535, -36.116
1535.8566, -36.120
1535.8597, -36.130
1535.8629, -36.140
1535.8660, -36.150
1535.8692, -36.160
1535.8723, -36.173
1535.8755, -36.183
1535.8786, -36.194
1535.8818, -36.201
1535.8849, -36.206
1535.8880, -36.211
1535.8912, -36.215
1535.8943, -36.218
1535.8975, -36.221
1535.9006, -36.226
1535.9038, -36.230
1535.9069, -36.235
1535.9101, -36.246
1535.9132, -36.259
1535.9163, -36.276
1535.9195, -36.299
1535.9226, -36.326
1535.9258, -36.359
1535.9289, -36.399
1535.9321, -36.446
1535.9352, -36.499
1535.9384, -36.559
1535.9415, -36.624
1535.9446, -36.695
1535.9478, -36.775
1535.9509, -36.861
1535.9541, -36.953
1535.9572, -37.057
1535.9604, -37.169
1535.9635, -37.291
1535.9667, -37.422
1535.9698, -37.569
1535.9729, -37.729
1535.9761, -37.897
1535.9792, -38.074
1535.9824, -38.270
1535.9855, -38.482
1535.9887, -38.728
1535.9918, -39.003
1535.9949, -39.255
1535.9981, -39.515
1536.0012, -39.796
1536.0044, -40.091
1536.0075, -40.403
1536.0107, -40.721
1536.0138, -41.060
1536.0170, -41.418
1536.0201, -41.795
1536.0232, -42.178
1536.0264, -42.578
1536.0295, -43.012
1536.0327, -43.462
1536.0358, -43.934
1536.0390, -44.418
1536.0421, -44.933
1536.0453, -45.474
1536.0484, -46.037
1536.0515, -46.620
1536.0547, -47.234
1536.0578, -47.904
1536.0610, -48.602
1536.0641, -49.275
1536.0673, -50.012
1536.0704, -50.782
1536.0736, -51.563
1536.0767, -52.378
1536.0798, -53.235
1536.0830, -54.140
1536.0861, -55.065
1536.0893, -56.011
1536.0924, -56.984
1536.0956, -58.045
1536.0987, -59.020
1536.1019, -60.108
1536.1050, -61.147
1536.1081, -62.231
1536.1113, -63.351
1536.1144, -64.534
1536.1176, -65.694
1536.1207, -66.875
1536.1239, -68.014
1536.1270, -69.156
1536.1302, -70.293
1536.1333, -71.456
1536.1364, -72.657
1536.1396, -73.833
1536.1427, -75.170
1536.1459, -76.253
1536.1490, -77.366
1536.1522, -78.313
1536.1553, -79.313
1536.1584, -80.132
1536.1616, -80.942
1536.1647, -81.352
1536.1679, -82.087
1536.1710, -82.211
1536.1742, -82.978
1536.1773, -83.073
1536.1805, -83.141
1536.1836, -83.925
1536.1867, -83.979
1536.1899, -83.602
1536.1930, -83.240
1536.1962, -83.652
1536.1993, -83.822
1536.2025, -84.333
1536.2056, -84.449
1536.2088, -84.097
1536.2119, -84.892
1536.2150, -84.675
1536.2182, -84.291
1536.2213, -84.728
1536.2245, -85.238
1536.2276, -84.639
1536.2308, -84.992
1536.2339, -84.946
1536.2371, -84.793
1536.2402, -84.317
1536.2433, -83.982
1536.2465, -83.975
1536.2496, -83.704
1536.2528, -83.379
1536.2559, -83.394
1536.2591, -82.711
1536.2622, -82.182
1536.2654, -81.456
1536.2685, -80.306
1536.2716, -79.630
1536.2748, -78.697
1536.2779, -78.041
1536.2811, -76.970
1536.2842, -75.951
1536.2874, -74.598
1536.2905, -73.599
1536.2937, -72.454
1536.2968, -71.198
1536.2999, -69.964
1536.3031, -68.831
1536.3062, -67.709
1536.3094, -66.548
1536.3125, -65.491
1536.3157, -64.372
1536.3188, -63.378
1536.3219, -62.322
1536.3251, -61.250
1536.3282, -60.267
1536.3314, -59.288
1536.3345, -58.314
1536.3377, -57.368
1536.3408, -56.450
1536.3440, -55.605
1536.3471, -54.755
1536.3502, -53.906
1536.3534, -53.107
1536.3565, -52.332
1536.3597, -51.568
1536.3628, -50.816
1536.3660, -50.105
1536.3691, -49.417
1536.3723, -48.739
1536.3754, -48.063
1536.3785, -47.402
1536.3817, -46.800
1536.3848, -46.206
1536.3880, -45.627
1536.3911, -45.077
1536.3943, -44.540
1536.3974, -44.038
1536.4006, -43.533
1536.4037, -43.037
1536.4068, -42.574
1536.4100, -42.128
1536.4131, -41.694
1536.4163, -41.273
1536.4194, -40.875
1536.4226, -40.500
1536.4257, -40.129
1536.4289, -39.781
1536.4320, -39.383
1536.4351, -38.993
1536.4383, -38.742
1536.4414, -38.483
1536.4446, -38.236
1536.4477, -37.997
1536.4509, -37.774
1536.4540, -37.565
1536.4571, -37.370
1536.4603, -37.190
1536.4634, -37.016
1536.4666, -36.860
1536.4697, -36.714
1536.4729, -36.579
1536.4760, -36.452
1536.4792, -36.338
1536.4823, -36.233
1536.4854, -36.133
1536.4886, -36.043
1536.4917, -35.960
1536.4949, -35.884
1536.4980, -35.814
1536.5012, -35.744
1536.5043, -35.656
1536.5075, -35.604
1536.5106, -35.565
1536.5137, -35.525
1536.5169, -35.491
1536.5200, -35.460
1536.5232, -35.439
1536.5263, -35.419
1536.5295, -35.404
1536.5326, -35.396
1536.5358, -35.390
1536.5389, -35.387
1536.5420, -35.384
1536.5452, -35.387
1536.5483, -35.391
1536.5515, -35.394
1536.5546, -35.399
1536.5578, -35.399
1536.5609, -35.401
1536.5641, -35.400
1536.5672, -35.395
1536.5703, -35.390
1536.5735, -35.384
1536.5766, -35.379
1536.5798, -35.371
1536.5829, -35.360
1536.5861, -35.353
1536.5892, -35.343
1536.5924, -35.336
1536.5955, -35.330
1536.5986, -35.325
1536.6018, -35.320
1536.6049, -35.318
1536.6081, -35.315
1536.6112, -35.318
1536.6144, -35.323
1536.6175, -35.324
1536.6206, -35.329
1536.6238, -35.334
1536.6269, -35.338
1536.6301, -35.341
1536.6332, -35.345
1536.6364, -35.345
1536.6395, -35.345
1536.6427, -35.346
1536.6458, -35.345
1536.6489, -35.342
1536.6521, -35.340
1536.6552, -35.335
1536.6584, -35.330
1536.6615, -35.328
1536.6647, -35.326
1536.6678, -35.325
1536.6710, -35.324
1536.6741, -35.326
1536.6772, -35.332
1536.6804, -35.339
1536.6835, -35.351
1536.6867, -35.365
1536.6898, -35.381
1536.6930, -35.401
1536.6961, -35.424
1536.6993, -35.451
1536.7024, -35.484
1536.7055, -35.522
1536.7087, -35.562
1536.7118, -35.606
1536.7150, -35.653
1536.7181, -35.704
1536.7213, -35.764
1536.7244, -35.837
1536.7276, -35.918
1536.7307, -35.996
1536.7338, -36.081
1536.7370, -36.175
1536.7401, -36.282
1536.7433, -36.395
1536.7464, -36.514
1536.7496, -36.646
1536.7527, -36.794
1536.7558, -36.949
1536.7590, -37.112
1536.7621, -37.292
1536.7653, -37.482
1536.7684, -37.688
1536.7716, -37.902
1536.7747, -38.125
1536.7779, -38.364
1536.7810, -38.642
1536.7841, -38.895
1536.7873, -39.172
1536.7904, -39.464
1536.7936, -39.780
1536.7967, -40.108
1536.7999, -40.448
1536.8030, -40.807
1536.8062, -41.188
1536.8093, -41.587
1536.8124, -41.994
1536.8156, -42.428
1536.8187, -42.879
1536.8219, -43.360
1536.8250, -43.848
1536.8282, -44.363
1536.8313, -44.913
1536.8345, -45.478
1536.8376, -46.063
1536.8407, -46.656
1536.8439, -47.293
1536.8470, -48.006
1536.8502, -48.693
1536.8533, -49.361
1536.8565, -50.088
1536.8596, -50.863
1536.8628, -51.672
1536.8659, -52.473
1536.8690, -53.296
1536.8722, -54.289
1536.8753, -55.301
1536.8785, -56.227
1536.8816, -57.176
1536.8848, -58.108
1536.8879, -59.070
1536.8911, -60.098
1536.8942, -61.211
1536.8973, -62.196
1536.9005, -63.247
1536.9036, -64.383
1536.9068, -65.544
1536.9099, -66.534
1536.9131, -67.672
1536.9162, -68.671
1536.9193, -69.927
1536.9225, -70.937
1536.9256, -72.112
1536.9288, -73.018
1536.9319, -73.949
1536.9351, -75.105
1536.9382, -76.138
1536.9414, -76.982
1536.9445, -78.017
1536.9476, -79.029
1536.9508, -79.476
1536.9539, -80.258
1536.9571, -81.242
1536.9602, -81.555
1536.9634, -82.241
1536.9665, -82.347
1536.9697, -83.221
1536.9728, -83.673
1536.9759, -83.893
1536.9791, -83.730
1536.9822, -83.547
1536.9854, -83.905
1536.9885, -84.498
1536.9917, -84.479
1536.9948, -83.787
1536.9980, -84.323
1537.0011, -84.629
1537.0042, -84.480
1537.0074, -84.146
1537.0105, -84.089
1537.0137, -84.734
1537.0168, -85.032
1537.0200, -84.375
1537.0231, -84.101
1537.0263, -83.545
1537.0294, -84.098
1537.0325, -83.805
1537.0357, -83.692
1537.0388, -83.323
1537.0420, -83.228
1537.0451, -82.896
1537.0483, -82.222
1537.0514, -81.926
1537.0545, -81.370
1537.0577, -80.657
1537.0608, -80.133
1537.0640, -78.835
1537.0671, -78.266
1537.0703, -77.326
1537.0734, -76.289
1537.0766, -75.351
1537.0797, -74.485
1537.0828, -73.451
1537.0860, -72.456
1537.0891, -71.254
1537.0923, -70.119
1537.0954, -68.964
1537.0986, -67.889
1537.1017, -66.785
1537.1049, -65.667
1537.1080, -64.590
1537.1111, -63.480
1537.1143, -62.393
1537.1174, -61.400
1537.1206, -60.373
1537.1237, -59.354
1537.1269, -58.196
1537.1300, -57.146
1537.1332, -56.189
1537.1363, -55.274
1537.1394, -54.386
1537.1426, -53.516
1537.1457, -52.663
1537.1489, -51.827
1537.1520, -51.028
1537.1552, -50.253
1537.1583, -49.514
1537.1615, -48.769
1537.1646, -48.065
1537.1677, -47.405
1537.1709, -46.724
1537.1740, -46.083
1537.1772, -45.475
1537.1803, -44.867
1537.1835, -44.295
1537.1866, -43.732
1537.1898, -43.210
1537.1929, -42.708
1537.1960, -42.221
1537.1992, -41.747
1537.2023, -41.298
1537.2055, -40.877
1537.2086, -40.470
1537.2118, -40.071
1537.2149, -39.691
1537.2180, -39.283
1537.2212, -38.953
1537.2243, -38.653
1537.2275, -38.357
1537.2306, -38.078
1537.2338, -37.811
1537.2369, -37.559
1537.2401, -37.296
1537.2432, -37.053
1537.2463, -36.847
1537.2495, -36.661
1537.2526, -36.492
1537.2558, -36.330
1537.2589, -36.180
1537.2621, -36.045
1537.2652, -35.921
1537.2684, -35.808
1537.2715, -35.682
1537.2746, -35.567
1537.2778, -35.496
1537.2809, -35.423
1537.2841, -35.351
1537.2872, -35.283
1537.2904, -35.223
1537.2935, -35.167
1537.2967, -35.115
1537.2998, -35.066
1537.3029, -35.021
1537.3061, -34.982
1537.3092, -34.947
1537.3124, -34.915
1537.3155, -34.889
1537.3187, -34.867
1537.3218, -34.848
1537.3250, -34.835
1537.3281, -34.823
1537.3312, -34.812
1537.3344, -34.802
1537.3375, -34.794
1537.3407, -34.791
1537.3438, -34.787
1537.3470, -34.785
1537.3501, -34.783
1537.3532, -34.778
1537.3564, -34.776
1537.3595, -34.772
1537.3627, -34.768
1537.3658, -34.764
1537.3690, -34.760
1537.3721, -34.755
1537.3753, -34.753
1537.3784, -34.751
1537.3815, -34.748
1537.3847, -34.746
1537.3878, -34.743
1537.3910, -34.744
1537.3941, -34.745
1537.3973, -34.744
1537.4004, -34.744
1537.4036, -34.742
1537.4067, -34.741
1537.4098, -34.740
1537.4130, -34.739
1537.4161, -34.736
1537.4193, -34.736
1537.4224, -34.732
1537.4256, -34.731
1537.4287, -34.727
1537.4319, -34.725
1537.4350, -34.724
1537.4381, -34.719
1537.4413, -34.718
1537.4444, -34.718
1537.4476, -34.719
1537.4507, -34.718
1537.4539, -34.718
1537.4570, -34.723
1537.4602, -34.728
1537.4633, -34.735
1537.4664, -34.744
1537.4696, -34.753
1537.4727, -34.766
1537.4759, -34.779
1537.4790, -34.795
1537.4822, -34.810
1537.4853, -34.833
1537.4885, -34.859
1537.4916, -34.887
1537.4947, -34.919
1537.4979, -34.956
1537.5010, -35.002
1537.5042, -35.050
1537.5073, -35.105
1537.5105, -35.163
1537.5136, -35.232
1537.5167, -35.307
1537.5199, -35.385
1537.5230, -35.475
1537.5262, -35.574
1537.5293, -35.680
1537.5325, -35.795
1537.5356, -35.920
1537.5388, -36.053
1537.5419, -36.195
1537.5450, -36.347
1537.5482, -36.513
1537.5513, -36.691
1537.5545, -36.881
1537.5576, -37.079
1537.5608, -37.295
1537.5639, -37.526
1537.5671, -37.777
1537.5702, -38.037
1537.5733, -38.312
1537.5765, -38.628
1537.5796, -38.972
1537.5828, -39.348
1537.5859, -39.710
1537.5891, -40.084
1537.5922, -40.473
1537.5954, -40.893
1537.5985, -41.337
1537.6016, -41.795
1537.6048, -42.266
1537.6079, -42.774
1537.6111, -43.312
1537.6142, -43.866
1537.6174, -44.432
1537.6205, -45.020
1537.6237, -45.642
1537.6268, -46.281
1537.6299, -46.947
1537.6331, -47.640
1537.6362, -48.387
1537.6394, -49.107
1537.6425, -49.839
1537.6457, -50.611
1537.6488, -51.437
1537.6519, -52.264
1537.6551, -53.101
1537.6582, -53.929
1537.6614, -54.792
1537.6645, -55.712
1537.6677, -56.623
1537.6708, -57.577
1537.6740, -58.538
1537.6771, -59.500
1537.6802, -60.447
1537.6834, -61.407
1537.6865, -62.372
1537.6897, -63.469
1537.6928, -64.484
1537.6960, -65.687
1537.6991, -66.692
1537.7023, -67.772
1537.7054, -68.703
1537.7085, -69.765
1537.7117, -70.802
1537.7148, -71.778
1537.7180, -72.712
1537.7211, -73.628
1537.7243, -74.542
1537.7274, -75.824
1537.7306, -76.445
1537.7337, -77.151
1537.7368, -77.867
1537.7400, -78.579
1537.7431, -79.502
1537.7463, -80.203
1537.7494, -80.809
1537.7526, -81.660
1537.7557, -81.990
1537.7589, -82.505
1537.7620, -82.652
1537.7651, -83.118
1537.7683, -83.358
1537.7714, -83.407
1537.7746, -84.382
1537.7777, -84.296
1537.7809, -84.593
1537.7840, -84.246
1537.7872, -84.410
1537.7903, -84.796
1537.7934, -84.534
1537.7966, -84.691
1537.7997, -84.573
1537.8029, -84.680
1537.8060, -84.218
1537.8092, -84.595
1537.8123, -84.259
1537.8154, -84.116
1537.8186, -83.969
1537.8217, -84.236
1537.8249, -84.407
1537.8280, -83.805
1537.8312, -83.819
1537.8343, -83.174
1537.8375, -82.985
1537.8406, -82.609
1537.8437, -82.052
1537.8469, -81.809
1537.8500, -81.220
1537.8532, -80.281
1537.8563, -79.517
1537.8595, -78.771
1537.8626, -77.853
1537.8658, -77.005
1537.8689, -75.912
1537.8720, -74.636
1537.8752, -73.433
1537.8783, -72.392
1537.8815, -71.306
1537.8846, -69.982
1537.8878, -68.830
1537.8909, -67.599
1537.8941, -66.482
1537.8972, -65.231
1537.9003, -64.043
1537.9035, -63.023
1537.9066, -61.863
1537.9098, -60.815
1537.9129, -59.720
1537.9161, -58.623
1537.9192, -57.648
1537.9224, -56.543
1537.9255, -55.432
1537.9286, -54.495
1537.9318, -53.570
1537.9349, -52.659
1537.9381, -51.804
1537.9412, -50.971
1537.9444, -50.132
1537.9475, -49.339
1537.9506, -48.574
1537.9538, -47.828
1537.9569, -47.116
1537.9601, -46.418
1537.9632, -45.745
1537.9664, -45.109
1537.9695, -44.498
1537.9727, -43.896
1537.9758, -43.310
1537.9789, -42.771
1537.9821, -42.246
1537.9852, -41.733
1537.9884, -41.244
1537.9915, -40.788
1537.9947, -40.355
1537.9978, -39.930
1538.0010, -39.498
1538.0041, -39.090
1538.0072, -38.767
1538.0104, -38.442
1538.0135, -38.124
1538.0167, -37.825
1538.0198, -37.548
1538.0230, -37.287
1538.0261, -37.042
1538.0293, -36.789
1538.0324, -36.546
1538.0355, -36.351
1538.0387, -36.177
1538.0418, -36.015
1538.0450, -35.863
1538.0481, -35.716
1538.0513, -35.565
1538.0544, -35.466
1538.0576, -35.371
1538.0607, -35.287
1538.0638, -35.211
1538.0670, -35.144
1538.0701, -35.083
1538.0733, -35.030
1538.0764, -34.985
1538.0796, -34.945
1538.0827, -34.909
1538.0859, -34.876
1538.0890, -34.852
1538.0921, -34.830
1538.0953, -34.811
1538.0984, -34.792
1538.1016, -34.775
1538.1047, -34.762
1538.1079, -34.747
1538.1110, -34.738
1538.1141, -34.727
1538.1173, -34.720
1538.1204, -34.710
1538.1236, -34.701
1538.1267, -34.692
1538.1299, -34.686
1538.1330, -34.680
1538.1362, -34.675
1538.1393, -34.670
1538.1424, -34.665
1538.1456, -34.660
1538.1487, -34.653
1538.1519, -34.649
1538.1550, -34.646
1538.1582, -34.643
1538.1613, -34.638
1538.1645, -34.637
1538.1676, -34.633
1538.1707, -34.630
1538.1739, -34.631
1538.1770, -34.632
1538.1802, -34.633
1538.1833, -34.635
1538.1865, -34.637
1538.1896, -34.642
1538.1928, -34.649
1538.1959, -34.651
1538.1990, -34.656
1538.2022, -34.663
1538.2053, -34.667
1538.2085, -34.675
1538.2116, -34.678
1538.2148, -34.681
1538.2179, -34.683
1538.2211, -34.684
1538.2242, -34.685
1538.2273, -34.687
1538.2305, -34.685
1538.2336, -34.684
1538.2368, -34.683
1538.2399, -34.680
1538.2431, -34.679
1538.2462, -34.678
1538.2494, -34.680
1538.2525, -34.684
1538.2556, -34.687
1538.2588, -34.695
1538.2619, -34.704
1538.2651, -34.715
1538.2682, -34.730
1538.2714, -34.747
1538.2745, -34.765
1538.2776, -34.785
1538.2808, -34.809
1538.2839, -34.834
1538.2871, -34.866
1538.2902, -34.899
1538.2934, -34.934
1538.2965, -34.976
1538.2997, -35.021
1538.3028, -35.071
1538.3059, -35.134
1538.3091, -35.207
1538.3122, -35.280
1538.3154, -35.362
1538.3185, -35.451
1538.3217, -35.549
1538.3248, -35.654
1538.3280, -35.775
1538.3311, -35.908
1538.3342, -36.053
1538.3374, -36.208
1538.3405, -36.380
1538.3437, -36.567
1538.3468, -36.768
1538.3500, -36.983
1538.3531, -37.221
1538.3563, -37.476
1538.3594, -37.744
1538.3625, -38.026
1538.3657, -38.335
1538.3688, -38.687
1538.3720, -39.018
1538.3751, -39.382
1538.3783, -39.769
1538.3814, -40.190
1538.3846, -40.629
1538.3877, -41.081
1538.3908, -41.566
1538.3940, -42.085
1538.3971, -42.693
1538.4003, -43.339
1538.4034, -43.942
1538.4066, -44.560
1538.4097, -45.211
1538.4128, -45.906
1538.4160, -46.641
1538.4191, -47.396
1538.4223, -48.218
1538.4254, -49.005
1538.4286, -49.898
1538.4317, -50.790
1538.4349, -51.703
1538.4380, -52.671
1538.4411, -53.701
1538.4443, -54.734
1538.4474, -55.815
1538.4506, -56.920
1538.4537, -58.055
1538.4569, -59.178
1538.4600, -60.314
1538.4632, -61.490
1538.4663, -62.749
1538.4694, -63.999
1538.4726, -65.143
1538.4757, -66.303
1538.4789, -67.473
1538.4820, -68.681
1538.4852, -69.885
1538.4883, -71.182
1538.4915, -72.574
1538.4946, -73.601
1538.4977, -74.786
1538.5009, -75.807
1538.5040, -76.888
1538.5072, -78.119
1538.5103, -79.268
1538.5135, -80.040
1538.5166, -80.973
1538.5198, -81.392
1538.5229, -81.732
1538.5260, -82.459
1538.5292, -82.307
1538.5323, -82.913
1538.5355, -82.576
1538.5386, -82.799
1538.5418, -83.248
1538.5449, -83.640
1538.5481, -83.800
1538.5512, -83.849
1538.5543, -84.406
1538.5575, -83.790
1538.5606, -84.031
1538.5638, -85.011
1538.5669, -85.402
1538.5701, -84.662
1538.5732, -84.132
1538.5763, -84.142
1538.5795, -84.824
1538.5826, -85.388
1538.5858, -85.396
1538.5889, -84.761
1538.5921, -84.645
1538.5952, -85.257
1538.5984, -85.206
1538.6015, -85.986
1538.6046, -85.737
1538.6078, -85.005
1538.6109, -85.670
1538.6141, -84.883
1538.6172, -85.546
1538.6204, -86.067
1538.6235, -86.192
1538.6267, -85.843
1538.6298, -86.954
1538.6329, -85.772
1538.6361, -86.099
1538.6392, -85.775
1538.6424, -85.608
1538.6455, -85.776
1538.6487, -86.861
1538.6518, -85.978
1538.6550, -87.260
1538.6581, -85.962
1538.6612, -86.004
1538.6644, -86.764
1538.6675, -86.101
1538.6707, -86.156
1538.6738, -85.779
1538.6770, -86.028
1538.6801, -86.244
1538.6833, -86.024
1538.6864, -86.206
1538.6895, -86.162
1538.6927, -85.862
1538.6958, -86.382
1538.6990, -86.475
1538.7021, -87.108
1538.7053, -85.747
1538.7084, -86.137
1538.7115, -86.236
1538.7147, -86.957
1538.7178, -87.292
1538.7210, -86.879
1538.7241, -86.144
1538.7273, -85.981
1538.7304, -85.641
1538.7336, -86.675
1538.7367, -86.569
1538.7398, -86.809
1538.7430, -86.117
1538.7461, -85.826
1538.7493, -86.604
1538.7524, -85.917
1538.7556, -86.452
1538.7587, -86.135
1538.7619, -86.035
1538.7650, -86.558
1538.7681, -86.169
1538.7713, -86.257
1538.7744, -86.235
1538.7776, -87.423
1538.7807, -85.951
1538.7839, -87.018
1538.7870, -86.137
1538.7902, -86.099
1538.7933, -86.683
1538.7964, -86.958
1538.7996, -87.159
1538.8027, -86.561
1538.8059, -86.946
1538.8090, -87.260
1538.8122, -88.106
1538.8153, -87.355
1538.8185, -87.037
1538.8216, -86.429
1538.8247, -86.620
1538.8279, -87.287
1538.8310, -87.103
1538.8342, -87.176
1538.8373, -87.283
1538.8405, -87.017
1538.8436, -87.748
1538.8468, -87.293
1538.8499, -88.736
1538.8530, -86.959
1538.8562, -88.198
1538.8593, -87.041
1538.8625, -87.068
1538.8656, -86.697
1538.8688, -87.301
1538.8719, -87.387
1538.8750, -89.059
1538.8782, -87.768
1538.8813, -87.872
1538.8845, -88.325
1538.8876, -88.087
1538.8908, -87.297
1538.8939, -88.341
1538.8971, -87.657
1538.9002, -87.571
1538.9033, -87.801
1538.9065, -86.968
1538.9096, -87.335
1538.9128, -87.928
1538.9159, -87.417
1538.9191, -87.750
1538.9222, -88.471
1538.9254, -87.381
1538.9285, -86.880
1538.9316, -87.010
1538.9348, -88.329
1538.9379, -87.696
1538.9411, -87.664
1538.9442, -87.910
1538.9474, -88.219
1538.9505, -87.714
1538.9537, -88.027
1538.9568, -88.244
1538.9599, -87.600
1538.9631, -86.834
1538.9662, -88.176
1538.9694, -88.396
1538.9725, -87.196
1538.9757, -87.563
1538.9788, -87.207
1538.9820, -88.029
1538.9851, -88.471
1538.9882, -87.729
1538.9914, -86.569
1538.9945, -87.559
1538.9977, -88.110
1539.0008, -87.737
1539.0040, -87.712
1539.0071, -87.372
1539.0102, -87.528
1539.0134, -86.706
1539.0165, -86.781
1539.0197, -87.761
1539.0228, -88.506
1539.0260, -87.142
1539.0291, -87.176
1539.0323, -88.137
1539.0354, -87.278
1539.0385, -87.985
1539.0417, -87.355
1539.0448, -87.694
1539.0480, -87.282
1539.0511, -88.204
1539.0543, -87.930
1539.0574, -86.911
1539.0606, -87.747
1539.0637, -87.231
1539.0668, -87.688
1539.0700, -88.560
1539.0731, -87.562
1539.0763, -87.793
1539.0794, -89.320
1539.0826, -87.974
1539.0857, -87.235
1539.0889, -87.109
1539.0920, -87.918
1539.0951, -87.878
1539.0983, -88.759
1539.1014, -87.411
1539.1046, -87.041
1539.1077, -87.552
1539.1109, -88.469
1539.1140, -86.733
1539.1172, -87.466
1539.1203, -87.906
1539.1234, -87.821
1539.1266, -88.534
1539.1297, -88.504
1539.1329, -87.612
1539.1360, -87.029
1539.1392, -88.821
1539.1423, -87.200
1539.1455, -87.322
1539.1486, -87.487
1539.1517, -87.847
1539.1549, -87.224
1539.1580, -87.881
1539.1612, -87.320
1539.1643, -87.510
1539.1675, -88.225
1539.1706, -87.196
1539.1737, -86.655
1539.1769, -88.732
1539.1800, -89.259
1539.1832, -87.198
1539.1863, -87.513
1539.1895, -86.863
1539.1926, -87.893
1539.1958, -88.459
1539.1989, -87.463
1539.2020, -88.420
1539.2052, -88.495
1539.2083, -88.343
1539.2115, -87.278
1539.2146, -87.225
1539.2178, -87.382
1539.2209, -86.762
1539.2241, -87.149
1539.2272, -87.849
1539.2303, -87.287
1539.2335, -87.022
1539.2366, -87.754
1539.2398, -87.990
1539.2429, -86.402
1539.2461, -86.193
1539.2492, -87.112
1539.2524, -87.405
1539.2555, -88.143
1539.2586, -87.085
1539.2618, -88.340
1539.2649, -87.116
1539.2681, -87.881
1539.2712, -87.921
1539.2744, -87.014
1539.2775, -87.405
1539.2807, -86.697
1539.2838, -87.593
1539.2869, -88.268
1539.2901, -87.987
1539.2932, -87.632
1539.2964, -87.371
1539.2995, -87.600
1539.3027, -86.809
1539.3058, -86.305
1539.3089, -87.019
1539.3121, -87.596
1539.3152, -86.676
1539.3184, -86.696
1539.3215, -85.733
1539.3247, -86.006
1539.3278, -88.093
1539.3310, -86.333
1539.3341, -86.410
1539.3372, -86.660
1539.3404, -87.056
1539.3435, -86.310
1539.3467, -86.595
1539.3498, -86.965
1539.3530, -86.555
1539.3561, -86.448
1539.3593, -86.482
1539.3624, -85.975
1539.3655, -86.657
1539.3687, -86.425
1539.3718, -86.090
1539.3750, -85.816
1539.3781, -85.868
1539.3813, -85.427
1539.3844, -85.995
1539.3876, -85.917
1539.3907, -85.178
1539.3938, -84.752
1539.3970, -84.652
1539.4001, -83.713
1539.4033, -83.893
1539.4064, -83.557
1539.4096, -82.926
1539.4127, -82.208
1539.4159, -81.421
1539.4190, -80.915
1539.4221, -79.733
1539.4253, -78.347
1539.4284, -77.427
1539.4316, -76.434
1539.4347, -75.185
1539.4379, -74.019
1539.4410, -73.084
1539.4442, -72.046
1539.4473, -70.949
1539.4504, -69.802
1539.4536, -68.596
1539.4567, -67.587
1539.4599, -66.588
1539.4630, -65.459
1539.4662, -64.317
1539.4693, -63.286
1539.4724, -62.282
1539.4756, -61.329
1539.4787, -60.427
1539.4819, -59.534
1539.4850, -58.616
1539.4882, -57.751
1539.4913, -56.941
1539.4945, -56.083
1539.4976, -55.288
1539.5007, -54.475
1539.5039, -53.732
1539.5070, -52.978
1539.5102, -52.217
1539.5133, -51.506
1539.5165, -50.783
1539.5196, -50.072
1539.5228, -49.380
1539.5259, -48.707
1539.5290, -48.047
1539.5322, -47.426
1539.5353, -46.795
1539.5385, -46.176
1539.5416, -45.574
1539.5448, -45.013
1539.5479, -44.387
1539.5511, -43.787
1539.5542, -43.266
1539.5573, -42.764
1539.5605, -42.284
1539.5636, -41.832
1539.5668, -41.386
1539.5699, -40.960
1539.5731, -40.532
1539.5762, -40.142
1539.5794, -39.772
1539.5825, -39.372
1539.5856, -38.998
1539.5888, -38.706
1539.5919, -38.412
1539.5951, -38.120
1539.5982, -37.836
1539.6014, -37.568
1539.6045, -37.316
1539.6076, -37.072
1539.6108, -36.841
1539.6139, -36.623
1539.6171, -36.413
1539.6202, -36.224
1539.6234, -36.042
1539.6265, -35.870
1539.6297, -35.708
1539.6328, -35.510
1539.6359, -35.376
1539.6391, -35.260
1539.6422, -35.153
1539.6454, -35.055
1539.6485, -34.967
1539.6517, -34.886
1539.6548, -34.814
1539.6580, -34.750
1539.6611, -34.694
1539.6642, -34.643
1539.6674, -34.599
1539.6705, -34.560
1539.6737, -34.525
1539.6768, -34.498
1539.6800, -34.473
1539.6831, -34.450
1539.6863, -34.433
1539.6894, -34.417
1539.6925, -34.404
1539.6957, -34.390
1539.6988, -34.380
1539.7020, -34.371
1539.7051, -34.360
1539.7083, -34.356
1539.7114, -34.352
1539.7146, -34.350
1539.7177, -34.347
1539.7208, -34.346
1539.7240, -34.344
1539.7271, -34.345
1539.7303, -34.346
1539.7334, -34.346
1539.7366, -34.346
1539.7397, -34.346
1539.7429, -34.346
1539.7460, -34.347
1539.7491, -34.345
1539.7523, -34.343
1539.7554, -34.341
1539.7586, -34.337
1539.7617, -34.336
1539.7649, -34.333
1539.7680, -34.329
1539.7711, -34.324
1539.7743, -34.321
1539.7774, -34.320
1539.7806, -34.316
1539.7837, -34.313
1539.7869, -34.311
1539.7900, -34.311
1539.7932, -34.309
1539.7963, -34.308
1539.7994, -34.310
1539.8026, -34.311
1539.8057, -34.314
1539.8089, -34.318
1539.8120, -34.322
1539.8152, -34.330
1539.8183, -34.338
1539.8215, -34.345
1539.8246, -34.356
1539.8277, -34.366
1539.8309, -34.376
1539.8340, -34.388
1539.8372, -34.401
1539.8403, -34.416
1539.8435, -34.433
1539.8466, -34.449
1539.8498, -34.471
1539.8529, -34.495
1539.8560, -34.522
1539.8592, -34.552
1539.8623, -34.586
1539.8655, -34.623
1539.8686, -34.668
1539.8718, -34.715
1539.8749, -34.765
1539.8781, -34.823
1539.8812, -34.887
1539.8843, -34.965
1539.8875, -35.054
1539.8906, -35.138
1539.8938, -35.230
1539.8969, -35.330
1539.9001, -35.441
1539.9032, -35.558
1539.9063, -35.682
1539.9095, -35.819
1539.9126, -35.966
1539.9158, -36.126
1539.9189, -36.294
1539.9221, -36.470
1539.9252, -36.660
1539.9284, -36.867
1539.9315, -37.080
1539.9346, -37.306
1539.9378, -37.552
1539.9409, -37.813
1539.9441, -38.086
1539.9472, -38.370
1539.9504, -38.696
1539.9535, -39.012
1539.9567, -39.344
1539.9598, -39.692
1539.9629, -40.073
1539.9661, -40.469
1539.9692, -40.933
1539.9724, -41.429
1539.9755, -41.891
1539.9787, -42.363
1539.9818, -42.856
1539.9850, -43.374
1539.9881, -43.924
1539.9912, -44.472
1539.9944, -45.043
1539.9975, -45.651
1540.0007, -46.281
1540.0038, -46.924
1540.0070, -47.569
1540.0101, -48.287
1540.0133, -48.979
1540.0164, -49.708
1540.0195, -50.471
1540.0227, -51.233
1540.0258, -52.048
1540.0290, -52.875
1540.0321, -53.708
1540.0353, -54.629
1540.0384, -55.561
1540.0416, -56.507
1540.0447, -57.615
1540.0478, -58.699
1540.0510, -59.710
1540.0541, -60.737
1540.0573, -61.849
1540.0604, -62.976
1540.0636, -64.035
1540.0667, -65.184
1540.0698, -66.317
1540.0730, -67.332
1540.0761, -68.532
1540.0793, -69.791
1540.0824, -70.860
1540.0856, -71.852
1540.0887, -72.869
1540.0919, -74.045
1540.0950, -75.028
1540.0981, -76.007
1540.1013, -76.899
1540.1044, -77.501
1540.1076, -78.468
1540.1107, -79.622
1540.1139, -80.475
1540.1170, -81.187
1540.1202, -81.675
1540.1233, -82.217
1540.1264, -82.456
1540.1296, -83.081
1540.1327, -83.383
1540.1359, -83.967
1540.1390, -83.649
1540.1422, -84.058
1540.1453, -84.069
1540.1485, -83.834
1540.1516, -83.736
1540.1547, -84.255
1540.1579, -84.732
1540.1610, -84.567
1540.1642, -84.081
1540.1673, -83.956
1540.1705, -84.168
1540.1736, -83.948
1540.1768, -83.467
1540.1799, -83.975
1540.1830, -83.807
1540.1862, -83.970
1540.1893, -83.234
1540.1925, -83.581
1540.1956, -83.276
1540.1988, -83.145
1540.2019, -82.860
1540.2051, -82.127
1540.2082, -81.947
1540.2113, -80.908
1540.2145, -80.514
1540.2176, -79.890
1540.2208, -79.204
1540.2239, -78.499
1540.2271, -77.433
1540.2302, -76.637
1540.2333, -75.797
1540.2365, -74.426
1540.2396, -73.245
1540.2428, -72.359
1540.2459, -71.213
1540.2491, -69.924
1540.2522, -68.823
1540.2554, -67.609
1540.2585, -66.614
1540.2616, -65.452
1540.2648, -64.401
1540.2679, -63.389
1540.2711, -62.356
1540.2742, -61.275
1540.2774, -60.190
1540.2805, -59.208
1540.2837, -58.215
1540.2868, -57.235
1540.2899, -56.249
1540.2931, -55.333
1540.2962, -54.451
1540.2994, -53.577
1540.3025, -52.707
1540.3057, -51.862
1540.3088, -51.054
1540.3120, -50.259
1540.3151, -49.373
1540.3182, -48.535
1540.3214, -47.793
1540.3245, -47.073
1540.3277, -46.408
1540.3308, -45.752
1540.3340, -45.119
1540.3371, -44.494
1540.3403, -43.905
1540.3434, -43.349
1540.3465, -42.806
1540.3497, -42.274
1540.3528, -41.780
1540.3560, -41.315
1540.3591, -40.853
1540.3623, -40.407
1540.3654, -39.983
1540.3685, -39.572
1540.3717, -39.132
1540.3748, -38.784
1540.3780, -38.461
1540.3811, -38.105
1540.3843, -37.761
1540.3874, -37.478
1540.3906, -37.209
1540.3937, -36.948
1540.3968, -36.710
1540.4000, -36.486
1540.4031, -36.271
1540.4063, -36.073
1540.4094, -35.885
1540.4126, -35.708
1540.4157, -35.516
1540.4189, -35.386
1540.4220, -35.260
1540.4251, -35.144
1540.4283, -35.040
1540.4314, -34.939
1540.4346, -34.849
1540.4377, -34.772
1540.4409, -34.700
1540.4440, -34.634
1540.4472, -34.574
1540.4503, -34.516
1540.4534, -34.464
1540.4566, -34.424
1540.4597, -34.387
1540.4629, -34.354
1540.4660, -34.325
1540.4692, -34.301
1540.4723, -34.278
1540.4755, -34.257
1540.4786, -34.240
1540.4817, -34.224
1540.4849, -34.212
1540.4880, -34.200
1540.4912, -34.192
1540.4943, -34.186
1540.4975, -34.181
1540.5006, -34.178
1540.5038, -34.174
1540.5069, -34.173
1540.5100, -34.173
1540.5132, -34.171
1540.5163, -34.169
1540.5195, -34.170
1540.5226, -34.169
1540.5258, -34.168
1540.5289, -34.170
1540.5320, -34.167
1540.5352, -34.168
1540.5383, -34.166
1540.5415, -34.165
1540.5446, -34.163
1540.5478, -34.162
1540.5509, -34.161
1540.5541, -34.162
1540.5572, -34.163
1540.5603, -34.162
1540.5635, -34.159
1540.5666, -34.159
1540.5698, -34.157
1540.5729, -34.154
1540.5761, -34.154
1540.5792, -34.152
1540.5824, -34.149
1540.5855, -34.147
1540.5886, -34.145
1540.5918, -34.146
1540.5949, -34.144
1540.5981, -34.144
1540.6012, -34.142
1540.6044, -34.144
1540.6075, -34.144
1540.6107, -34.145
1540.6138, -34.147
1540.6169, -34.149
1540.6201, -34.153
1540.6232, -34.158
1540.6264, -34.167
1540.6295, -34.179
1540.6327, -34.191
1540.6358, -34.206
1540.6390, -34.222
1540.6421, -34.239
1540.6452, -34.261
1540.6484, -34.286
1540.6515, -34.317
1540.6547, -34.352
1540.6578, -34.388
1540.6610, -34.427
1540.6641, -34.468
1540.6672, -34.516
1540.6704, -34.567
1540.6735, -34.623
1540.6767, -34.685
1540.6798, -34.753
1540.6830, -34.826
1540.6861, -34.909
1540.6893, -34.998
1540.6924, -35.094
1540.6955, -35.201
1540.6987, -35.317
1540.7018, -35.442
1540.7050, -35.579
1540.7081, -35.729
1540.7113, -35.893
1540.7144, -36.070
1540.7176, -36.286
1540.7207, -36.528
1540.7238, -36.753
1540.7270, -36.999
1540.7301, -37.269
1540.7333, -37.555
1540.7364, -37.855
1540.7396, -38.178
1540.7427, -38.539
1540.7459, -38.897
1540.7490, -39.276
1540.7521, -39.672
1540.7553, -40.103
1540.7584, -40.561
1540.7616, -41.038
1540.7647, -41.534
1540.7679, -42.046
1540.7710, -42.604
1540.7742, -43.183
1540.7773, -43.779
1540.7804, -44.402
1540.7836, -45.067
1540.7867, -45.833
1540.7899, -46.653
1540.7930, -47.397
1540.7962, -48.221
1540.7993, -48.967
1540.8025, -49.838
1540.8056, -50.705
1540.8087, -51.572
1540.8119, -52.486
1540.8150, -53.460
1540.8182, -54.477
1540.8213, -55.469
1540.8245, -56.505
1540.8276, -57.592
1540.8307, -58.642
1540.8339, -59.722
1540.8370, -60.777
1540.8402, -61.892
1540.8433, -63.057
1540.8465, -64.107
1540.8496, -65.231
1540.8528, -66.552
1540.8559, -67.771
1540.8590, -68.912
1540.8622, -70.024
1540.8653, -71.019
1540.8685, -71.983
1540.8716, -72.953
1540.8748, -73.942
1540.8779, -74.937
1540.8811, -75.814
1540.8842, -76.675
1540.8873, -77.713
1540.8905, -78.329
1540.8936, -78.797
1540.8968, -79.503
1540.8999, -80.011
1540.9031, -80.877
1540.9062, -81.358
1540.9094, -81.417
1540.9125, -81.770
1540.9156, -82.427
1540.9188, -82.835
1540.9219, -82.980
1540.9251, -83.422
1540.9282, -83.337
1540.9314, -83.310
1540.9345, -83.795
1540.9377, -84.032
1540.9408, -83.682
1540.9439, -83.451
1540.9471, -84.331
1540.9502, -83.854
1540.9534, -83.525
1540.9565, -83.716
1540.9597, -84.567
1540.9628, -84.113
1540.9659, -84.027
1540.9691, -83.631
1540.9722, -83.582
1540.9754, -83.243
1540.9785, -83.434
1540.9817, -83.612
1540.9848, -83.464
1540.9880, -82.651
1540.9911, -82.622
1540.9942, -81.871
1540.9974, -81.328
1541.0005, -80.477
1541.0037, -80.368
1541.0068, -79.909
1541.0100, -79.354
1541.0131, -78.816
1541.0163, -78.196
1541.0194, -77.660
1541.0225, -76.556
1541.0257, -75.607
1541.0288, -75.004
1541.0320, -74.007
1541.0351, -73.130
1541.0383, -72.326
1541.0414, -71.275
1541.0446, -70.351
1541.0477, -69.238
1541.0508, -68.366
1541.0540, -67.298
1541.0571, -66.022
1541.0603, -65.185
1541.0634, -64.111
1541.0666, -63.065
1541.0697, -62.019
1541.0729, -60.976
1541.0760, -59.885
1541.0791, -58.853
1541.0823, -57.843
1541.0854, -56.908
1541.0886, -55.916
1541.0917, -54.942
1541.0949, -53.997
1541.0980, -53.070
1541.1012, -52.147
1541.1043, -51.291
1541.1074, -50.439
1541.1106, -49.628
1541.1137, -48.831
1541.1169, -47.938
1541.1200, -47.117
1541.1232, -46.377
1541.1263, -45.642
1541.1294, -44.998
1541.1326, -44.366
1541.1357, -43.731
1541.1389, -43.122
1541.1420, -42.545
1541.1452, -41.991
1541.1483, -41.456
1541.1515, -40.937
1541.1546, -40.447
1541.1577, -39.983
1541.1609, -39.535
1541.1640, -39.105
1541.1672, -38.707
1541.1703, -38.324
1541.1735, -37.964
1541.1766, -37.617
1541.1798, -37.258
1541.1829, -36.919
1541.1860, -36.640
1541.1892, -36.380
1541.1923, -36.138
1541.1955, -35.909
1541.1986, -35.684
1541.2018, -35.489
1541.2049, -35.317
1541.2081, -35.153
1541.2112, -35.006
1541.2143, -34.874
1541.2175, -34.752
1541.2206, -34.637
1541.2238, -34.536
1541.2269, -34.446
1541.2301, -34.365
1541.2332, -34.294
1541.2364, -34.227
1541.2395, -34.172
1541.2426, -34.118
1541.2458, -34.072
1541.2489, -34.038
1541.2521, -34.011
1541.2552, -33.987
1541.2584, -33.970
1541.2615, -33.957
1541.2646, -33.945
1541.2678, -33.936
1541.2709, -33.932
1541.2741, -33.932
1541.2772, -33.934
1541.2804, -33.939
1541.2835, -33.943
1541.2867, -33.952
1541.2898, -33.959
1541.2929, -33.966
1541.2961, -33.974
1541.2992, -33.980
1541.3024, -33.988
1541.3055, -33.994
1541.3087, -33.996
1541.3118, -33.999
1541.3150, -34.000
1541.3181, -33.997
1541.3212, -33.996
1541.3244, -33.992
1541.3275, -33.987
1541.3307, -33.979
1541.3338, -33.972
1541.3370, -33.963
1541.3401, -33.955
1541.3433, -33.947
1541.3464, -33.939
1541.3495, -33.932
1541.3527, -33.925
1541.3558, -33.920
1541.3590, -33.919
1541.3621, -33.915
1541.3653, -33.914
1541.3684, -33.916
1541.3716, -33.917
1541.3747, -33.920
1541.3778, -33.926
1541.3810, -33.927
1541.3841, -33.934
1541.3873, -33.939
1541.3904, -33.943
1541.3936, -33.949
1541.3967, -33.954
1541.3999, -33.963
1541.4030, -33.970
1541.4061, -33.976
1541.4093, -33.985
1541.4124, -33.995
1541.4156, -34.005
1541.4187, -34.015
1541.4219, -34.028
1541.4250, -34.041
1541.4281, -34.058
1541.4313, -34.078
1541.4344, -34.098
1541.4376, -34.121
1541.4407, -34.147
1541.4439, -34.178
1541.4470, -34.210
1541.4502, -34.247
1541.4533, -34.287
1541.4564, -34.332
1541.4596, -34.381
1541.4627, -34.433
1541.4659, -34.492
1541.4690, -34.559
1541.4722, -34.629
1541.4753, -34.707
1541.4785, -34.789
1541.4816, -34.880
1541.4847, -34.983
1541.4879, -35.089
1541.4910, -35.204
1541.4942, -35.345
1541.4973, -35.497
1541.5005, -35.647
1541.5036, -35.806
1541.5068, -35.975
1541.5099, -36.158
1541.5130, -36.350
1541.5162, -36.560
1541.5193, -36.786
1541.5225, -37.016
1541.5256, -37.266
1541.5288, -37.537
1541.5319, -37.821
1541.5351, -38.118
1541.5382, -38.442
1541.5413, -38.788
1541.5445, -39.142
1541.5476, -39.515
1541.5508, -39.911
1541.5539, -40.338
1541.5571, -40.840
1541.5602, -41.370
1541.5633, -41.876
1541.5665, -42.400
1541.5696, -42.927
1541.5728, -43.516
1541.5759, -44.130
1541.5791, -44.754
1541.5822, -45.402
1541.5854, -46.102
1541.5885, -46.835
1541.5916, -47.590
1541.5948, -48.408
1541.5979, -49.176
1541.6011, -50.033
1541.6042, -50.927
1541.6074, -51.827
1541.6105, -52.782
1541.6137, -53.801
1541.6168, -54.833
1541.6199, -56.007
1541.6231, -57.292
1541.6262, -58.347
1541.6294, -59.522
1541.6325, -60.700
1541.6357, -61.892
1541.6388, -63.083
1541.6420, -64.258
1541.6451, -65.448
1541.6482, -66.630
1541.6514, -67.860
1541.6545, -69.046
1541.6577, -70.169
1541.6608, -71.413
1541.6640, -72.574
1541.6671, -73.639
1541.6703, -74.716
1541.6734, -75.937
1541.6765, -77.125
1541.6797, -78.006
1541.6828, -78.746
1541.6860, -79.893
1541.6891, -80.594
1541.6923, -81.264
1541.6954, -81.730
1541.6986, -82.230
1541.7017, -82.124
1541.7048, -82.260
1541.7080, -82.430
1541.7111, -82.481
1541.7143, -82.610
1541.7174, -83.301
1541.7206, -83.166
1541.7237, -83.129
1541.7268, -83.339
1541.7300, -83.498
1541.7331, -83.723
1541.7363, -83.563
1541.7394, -83.634
1541.7426, -84.320
1541.7457, -84.008
1541.7489, -84.418
1541.7520, -84.027
1541.7551, -83.908
1541.7583, -83.198
1541.7614, -83.360
1541.7646, -83.802
1541.7677, -82.728
1541.7709, -82.375
1541.7740, -81.834
1541.7772, -81.731
1541.7803, -81.637
1541.7834, -80.950
1541.7866, -80.362
1541.7897, -79.813
1541.7929, -78.953
1541.7960, -78.135
1541.7992, -77.385
1541.8023, -76.098
1541.8055, -75.330
1541.8086, -74.401
1541.8117, -73.550
1541.8149, -72.324
1541.8180, -71.251
1541.8212, -70.171
1541.8243, -69.003
1541.8275, -67.980
1541.8306, -66.889
1541.8338, -65.819
1541.8369, -64.871
1541.8400, -63.819
1541.8432, -62.846
1541.8463, -61.918
1541.8495, -60.984
1541.8526, -60.000
1541.8558, -58.998
1541.8589, -58.117
1541.8620, -57.253
1541.8652, -56.344
1541.8683, -55.448
1541.8715, -54.603
1541.8746, -53.701
1541.8778, -52.827
1541.8809, -52.042
1541.8841, -51.265
1541.8872, -50.520
1541.8903, -49.816
1541.8935, -49.127
1541.8966, -48.451
1541.8998, -47.781
1541.9029, -47.139
1541.9061, -46.510
1541.9092, -45.896
1541.9124, -45.309
1541.9155, -44.744
1541.9186, -44.190
1541.9218, -43.648
1541.9249, -43.127
1541.9281, -42.630
1541.9312, -42.141
1541.9344, -41.680
1541.9375, -41.172
1541.9407, -40.686
1541.9438, -40.264
1541.9469, -39.866
1541.9501, -39.460
1541.9532, -39.044
1541.9564, -38.728
1541.9595, -38.406
1541.9627, -38.095
1541.9658, -37.794
1541.9690, -37.502
1541.9721, -37.229
1541.9752, -36.973
1541.9784, -36.727
1541.9815, -36.492
1541.9847, -36.273
1541.9878, -36.069
1541.9910, -35.875
1541.9941, -35.674
1541.9973, -35.476
1542.0004, -35.320
1542.0035, -35.157
1542.0067, -35.026
1542.0098, -34.908
1542.0130, -34.796
1542.0161, -34.691
1542.0193, -34.596
1542.0224, -34.511
1542.0255, -34.434
1542.0287, -34.361
1542.0318, -34.299
1542.0350, -34.242
1542.0381, -34.191
1542.0413, -34.145
1542.0444, -34.105
1542.0476, -34.074
1542.0507, -34.045
1542.0538, -34.018
1542.0570, -33.996
1542.0601, -33.981
1542.0633, -33.967
1542.0664, -33.956
1542.0696, -33.947
1542.0727, -33.941
1542.0759, -33.938
1542.0790, -33.933
1542.0821, -33.931
1542.0853, -33.931
1542.0884, -33.930
1542.0916, -33.930
1542.0947, -33.932
1542.0979, -33.934
1542.1010, -33.936
1542.1042, -33.937
1542.1073, -33.940
1542.1104, -33.945
1542.1136, -33.946
1542.1167, -33.945
1542.1199, -33.943
1542.1230, -33.941
1542.1262, -33.937
1542.1293, -33.933
1542.1325, -33.927
1542.1356, -33.921
1542.1387, -33.915
1542.1419, -33.907
1542.1450, -33.899
1542.1482, -33.890
1542.1513, -33.881
1542.1545, -33.873
1542.1576, -33.864
1542.1608, -33.853
1542.1639, -33.841
1542.1670, -33.829
1542.1702, -33.819
1542.1733, -33.812
1542.1765, -33.805
1542.1796, -33.798
1542.1828, -33.794
1542.1859, -33.790
1542.1890, -33.787
1542.1922, -33.788
1542.1953, -33.790
1542.1985, -33.794
1542.2016, -33.799
1542.2048, -33.807
1542.2079, -33.818
1542.2111, -33.831
1542.2142, -33.851
1542.2173, -33.868
1542.2205, -33.891
1542.2236, -33.914
1542.2268, -33.942
1542.2299, -33.972
1542.2331, -34.006
1542.2362, -34.042
1542.2394, -34.080
1542.2425, -34.124
1542.2456, -34.171
1542.2488, -34.222
1542.2519, -34.277
1542.2551, -34.339
1542.2582, -34.404
1542.2614, -34.476
1542.2645, -34.566
1542.2677, -34.662
1542.2708, -34.756
1542.2739, -34.860
1542.2771, -34.968
1542.2802, -35.086
1542.2834, -35.214
1542.2865, -35.355
1542.2897, -35.501
1542.2928, -35.659
1542.2960, -35.829
1542.2991, -36.014
1542.3022, -36.205
1542.3054, -36.407
1542.3085, -36.628
1542.3117, -36.863
1542.3148, -37.107
1542.3180, -37.399
1542.3211, -37.712
1542.3242, -38.000
1542.3274, -38.302
1542.3305, -38.650
1542.3337, -38.968
1542.3368, -39.312
1542.3400, -39.680
1542.3431, -40.066
1542.3463, -40.462
1542.3494, -40.877
1542.3525, -41.310
1542.3557, -41.773
1542.3588, -42.253
1542.3620, -42.741
1542.3651, -43.256
1542.3683, -43.796
1542.3714, -44.421
1542.3746, -45.085
1542.3777, -45.699
1542.3808, -46.322
1542.3840, -46.999
1542.3871, -47.695
1542.3903, -48.438
1542.3934, -49.144
1542.3966, -49.894
1542.3997, -50.697
1542.4029, -51.516
1542.4060, -52.370
1542.4091, -53.240
1542.4123, -54.155
1542.4154, -55.095
1542.4186, -56.064
1542.4217, -57.010
1542.4249, -58.209
1542.4280, -59.350
1542.4312, -60.393
1542.4343, -61.505
1542.4374, -62.674
1542.4406, -63.791
1542.4437, -64.861
1542.4469, -66.000
1542.4500, -67.062
1542.4532, -68.242
1542.4563, -69.423
1542.4595, -70.494
1542.4626, -71.693
1542.4657, -72.802
1542.4689, -73.891
1542.4720, -74.729
1542.4752, -75.607
1542.4783, -76.828
1542.4815, -77.968
1542.4846, -78.889
1542.4877, -79.663
1542.4909, -80.153
1542.4940, -80.857
1542.4972, -81.396
1542.5003, -82.555
1542.5035, -82.758
1542.5066, -83.350
1542.5098, -83.373
1542.5129, -83.864
1542.5160, -84.476
1542.5192, -84.548
1542.5223, -85.137
1542.5255, -84.997
1542.5286, -84.683
1542.5318, -85.148
1542.5349, -85.493
1542.5381, -84.973
1542.5412, -85.328
1542.5443, -85.391
1542.5475, -85.386
1542.5506, -85.519
1542.5538, -85.518
1542.5569, -85.472
1542.5601, -85.310
1542.5632, -86.002
1542.5664, -85.844
1542.5695, -85.624
1542.5726, -84.598
1542.5758, -85.468
1542.5789, -86.198
1542.5821, -86.148
1542.5852, -85.850
1542.5884, -86.273
1542.5915, -86.754
1542.5947, -86.171
1542.5978, -86.408
1542.6009, -85.895
1542.6041, -86.333
1542.6072, -85.648
1542.6104, -86.430
1542.6135, -86.881
1542.6167, -86.516
1542.6198, -86.470
1542.6229, -86.501
1542.6261, -85.967
1542.6292, -86.213
1542.6324, -85.817
1542.6355, -86.547
1542.6387, -86.696
1542.6418, -86.327
1542.6450, -86.158
1542.6481, -85.730
1542.6512, -86.988
1542.6544, -86.544
1542.6575, -86.493
1542.6607, -86.612
1542.6638, -87.105
1542.6670, -86.494
1542.6701, -88.247
1542.6733, -88.064
1542.6764, -86.659
1542.6795, -86.614
1542.6827, -87.459
1542.6858, -86.788
1542.6890, -85.852
1542.6921, -86.794
1542.6953, -86.249
1542.6984, -86.568
1542.7016, -86.641
1542.7047, -86.623
1542.7078, -86.662
1542.7110, -86.291
1542.7141, -86.392
1542.7173, -87.418
1542.7204, -87.134
1542.7236, -87.448
1542.7267, -85.626
1542.7299, -86.763
1542.7330, -86.951
1542.7361, -86.748
1542.7393, -87.538
1542.7424, -87.692
1542.7456, -86.214
1542.7487, -85.216
1542.7519, -86.527
1542.7550, -86.716
1542.7582, -87.173
1542.7613, -86.697
1542.7644, -86.923
1542.7676, -86.797
1542.7707, -86.988
1542.7739, -87.341
1542.7770, -87.179
1542.7802, -87.235
1542.7833, -86.766
1542.7864, -86.462
1542.7896, -86.706
1542.7927, -86.862
1542.7959, -86.249
1542.7990, -86.570
1542.8022, -85.540
1542.8053, -86.195
1542.8085, -86.683
1542.8116, -86.323
1542.8147, -85.399
1542.8179, -86.223
1542.8210, -87.334
1542.8242, -87.023
